Name / Nom,Strasse / Rue,Plz / NAP,Ort / Lieu,Kanton / Canton,Name / Nom,Vorname / Prénom
Finsterer Consulting,Müseliweg 2,8049,Zürich,ZH,Finsterer,Robert
"traumkörper.ch, Christina Peter",Melchrütistrasse 53,8304,Wallisellen,ZH,Peter,Christina
"Ming Kee Takeaway, Inhaber Lai",Uitikonerstrasse 9,8952,Schlieren,ZH,Lai,Kwok Ming
Andric Starfit Sport Center,Ackerstrasse 152d,8604,Volketswil,ZH,Andric,Robert
Maler A. Laurito,Gewerbestrasse 24,8800,Thalwil,ZH,Laurito,Antonio
"Wolfsspuren, von Ow",Seuzachstrasse 42,8413,Neftenbach,ZH,von Ow,Karin
"Hairfashion Andrea, Inhaberin Caponi Heusser",Im Tobel 17,8706,Meilen,ZH,Caponi,Yvonne
HBN International Edith Suter-Bernet,Obere Fischbachstrasse 4,8932,Mettmenstetten,ZH,Suter,Edith Lina
AL Ani Backwaren,Stiglenstrasse 59,8052,Zürich,ZH,Al Ani,Haydar
Enter Travel Angün,Herbstweg 40,8050,Zürich,ZH,Angün,Numan
L4you Yüksel,Hohenstieglen 12,8152,Glattbrugg,ZH,Yüksel,Deniz
"Southside Tattoo, Andracchio",Leimbachstrasse 100,8041,Zürich,ZH,Andracchio,Ivan
Susanne Rehmann,Bühlhaldenstrasse 1,8606,Nänikon,ZH,Rehmann,Susanne
Nähservice Ioana Popa,In der Fadmatt 19,8902,Urdorf,ZH,Popa,Ioana Mihaela
Fegola Automobile,Weiacherstrasse 80,8427,Rorbas,ZH,Fegola,Gerardo
Ardi Herren Coiffeur Lleshaj,Bahnhofstrasse 8,8610,Uster,ZH,Lleshaj,Gasper
"Hans-Jürg Mauch, Umbauten, Renovationen und Kundenmauern",Frohheimstrasse 11,8304,Wallisellen,ZH,Mauch,Hans-Jürg
Fabians Gartenpflege Oezdemir,Zürcherstrasse 25,8107,Buchs,ZH,Oezdemir,Fabian
Service & Transporte Kadriu,Glanzenbergstrasse 18,8953,Dietikon,ZH,Kadriu,Dibrane
Marques de Oliveira,Bahnhofstrasse 231,8623,Wetzikon,ZH,Marques de Oliveira,Paulo Jorge
"roxas.ch, Inhaber G. Roxas",Altburgstrasse 17,8105,Regensdorf,ZH,Roxas,Gerardo
fjö Fabienne Ruffieux,Asylweg 22,8134,Adliswil,ZH,Schtalheim,Uri
Autoklinik Zürich Heredia Triguero,Kanzleistrasse 127,8004,Zürich,ZH,Heredia Triguero,Estanislao
"ELEKTRO SENIOR, Inhaber Schirmer",Obermattstrasse 36,8330,Pfäffikon,ZH,Schirmer,Gottfried
"Coiffure für gesundes Haar, Vera Curiger Rozas Bialas",Ludretikonerstrasse 6,8800,Thalwil,ZH,Rozas Bialas,Tomás
Kiener Housekeeping,Else-Züblin-Strasse 112,8404,Winterthur,ZH,Kiener,Marceline
Rainer Helmbrecht,Wolfswinkel 30,8046,Zürich,ZH,Helmbrecht,Rainer
Hablützel Treuhand,Badenerstrasse 15,8004,Zürich,ZH,Hablützel,Bruno
GEZ - Beratungs & Handel & Installations,Im Park 15,8953,Dietikon,ZH,Gez,Ahmet Fuat
Mark Ritter Executive Search & Consulting,Rämistrasse 31,8001,Zürich,ZH,Ritter,Daniela Pia
Cosmetic Seyde Bar-Simon,Rebackerweg 15,8305,Dietlikon,ZH,Bar-Simon,Seyde
"Zenusi, Inhaberin Salvatore",Imfeldstrasse 70,8037,Zürich,ZH,Salvatore,Tommasina Carmen
Halder Record,Dorfstrasse 19,8800,Thalwil,ZH,Halder,Ralph
"RaumSpur, Nicole Grubenmann",Geissbergstrasse 1,8302,Kloten,ZH,Grubenmann,Nicole
Carretto Siciliano Nella Digeronimo,Lettenstrasse 12,8309,Nürensdorf,ZH,Pichierri,Luana
"Maxclean Automobile, Marco Regattieri",Grundstrasse 44,8196,Wil,ZH,Regattieri,Marco
Abwasser und Kanalunterhalt Wälti,Zürcherstrasse 2,8903,Birmensdorf,ZH,Wälti,Patrick
Blumennest Stächelin,Grütstrasse 1,8704,Herrliberg,ZH,Stächelin,Katrin
"Stjärnmönster Kleider, Schütz",Karlstrasse 18,8610,Uster,ZH,Schütz,Michela
zollinger graphics,Josephstrasse 110,8005,Zürich,ZH,Zollinger,Stefan
Konzept und Text: Christian Rintelen,Manessestrasse 2,8003,Zürich,ZH,Rintelen,Christian
"tur, büro für landschaft, umwelt und garten",Dufourstrasse 131,8008,Zürich,ZH,Tur,Boris
Gangwerk - Katharina Mattioli,Zythüslistrasse 1,8165,Schleinikon,ZH,Mattioli,Katharina
Gilomen Immobilien,Giessenstrasse 9b,8910,Affoltern am Albis,ZH,Gilomen,André
Kouassi Handel Zürich,Regensbergstrasse 1,8050,Zürich,ZH,Kouassi,Zeze Felix
ORIGINAL-HUNDE-SHOP - STENCLOVA,Nöschikonerstrasse 10,8155,Niederhasli,ZH,Stenclova,Katerina
"Drive me Taxi Limousinen Service, Ali",Stationsstrasse 36,8833,Samstagern,ZH,Ali,Aws Husham
e. mächler schreinerhandwerk,Herrlisberg-Langrütistrasse 21,8820,Wädenswil,ZH,Mächler,Edouard
Gasser fragt nach,Gladbachstrasse 47,8044,Zürich,ZH,Gasser,Martin Beat
Reed Do-it,Pfaffächerstrasse 8,8913,Ottenbach,ZH,Reed,William Matthew
Easy Garage - Mirzabeigi,Silbernstrasse 8,8953,Dietikon,ZH,Mirzabeigi,Mehdi
Panikkal Consulting,Zürichstrasse 15,8306,Brüttisellen,ZH,Panikkal,Sharmila
Martin Drechsel IndustrieDesign,Limmatstrasse 73,8005,Zürich,ZH,Drechsel,Martin
reuss-fit rickli,Ottenbacherstrasse 23,8912,Obfelden,ZH,Rickli,Jonas
S. Jud Consulting,Hortweg 2,8800,Thalwil,ZH,Jud,Siegfried Sebastian
R. Erne Energie- und Haustechnik,Lerchenhalde 71,8046,Zürich,ZH,Erne,Roman
Navas de Luna Distribution,Schürmattstrasse 4,8913,Ottenbach,ZH,Navas de Luna,Guadalupe Sonia
Spillmann Metallbau,Industriestrasse 7,8620,Wetzikon,ZH,Spillmann,Michael
Japanese Restaurant etc. Abe,Grimselstrasse 2,8048,Zürich,ZH,Abe,Takumi
elmarket.ch / Peter Keller,Industriestrasse 12,8117,Fällanden,ZH,Keller,Peter
Vollenweider Versand,Steigstrasse 2 B,8444,Henggart,ZH,Vollenweider,Esther
Brennpunkt Fotostudio Inhaberin Ursula De Bastiani,Tiefenhofstrasse 17,8820,Wädenswil,ZH,De Bastiani,Ursula
Buck's Crepli,Weinbergstrasse 5,8187,Weiach,ZH,Buck,Thomas
Löwa BAUSERVICE,Mühleackerstrasse 11,8952,Schlieren,ZH,Löwa,Murat
Haas Finanzadmin,Industriestrasse 57,8304,Wallisellen,ZH,Haas,Markus Daniel
S. Pfändler Rollino Bauschreiner Montagen,Brandstrasse 32,8610,Uster,ZH,Pfändler,Stefan
Manfred Fuhrer Plattenbeläge,Südstrasse 18,8180,Bülach,ZH,Fuhrer,Manfred
CGmedia Carl Göbel,Obere Fischbachstrasse 10,8932,Mettmenstetten,ZH,Göbel,Carl Martin
Bauberatungen Müller,Rütnerstrasse 32,8302,Kloten,ZH,Müller,Wilfried
"Suter-Arnold Treuhand, Inhaber Suter",Gutstrasse 113,8055,Zürich,ZH,Suter,Jacqueline Maria
Schöpfer Sanitär,Brunnenwiesenstrasse 26,8305,Dietlikon,ZH,Schöpfer,Urs
Phoenix Franco Guglielmelli,Schaffhauserstrasse 113,8057,Zürich,ZH,Guglielmelli,Franco
Markus Kämpfer Schweizer Kompetenz Centrum,Franklinstrasse 21,8050,Zürich,ZH,Kämpfer,Markus
Oparnica TVMV,Dietlikonerstrasse 4,8303,Bassersdorf,ZH,Oparnica,Vladimir
Natural Training by Patrick Wiget,Winterthurerstrasse 656,8051,Zürich,ZH,Wiget,Patrick
"Coiffure Theres, T. Frauchiger & M. Kunz",Zürichstrasse 6,8340,Hinwil,ZH,Frauchiger,Therese
"Coiffeur En Vogue Bahnhofstrasse, Claudio Tollardo & Nadia Preziuso",Bahnhofstrasse 35,8001,Zürich,ZH,Preziuso,Nadia
Rulo - Noldin & Morandi,Seestrasse 256,8706,Meilen,ZH,Morandi,Pirro Lino
Antheia's Group by Semeshina & Co.,Altstetterstrasse 193,8048,Zürich,ZH,Benjamin,Arnaud
Papillon Events Yalin & Abu Shady,Alte Landstrasse 26,8114,Dänikon,ZH,Abu Shady,Perihan
AvantBart Stoll und Partner,Brahmstrasse 34,8003,Zürich,ZH,Günaydin,Ugur Ozan
Mammonides AG,Steinhaldenstrasse 48,8002,Zürich,ZH,Tyrangiel,Harry
InStyle AG,Pfingstweidstrasse 98,8005,Zürich,ZH,Meier,Caroline
Acxit Capital Management AG,Othmarstrasse 8,8008,Zürich,ZH,Franzen,Marcel Simon
Gems and Ladders AG,Weiherallee 11a,8610,Uster,ZH,Pertot,Alexander
ROSS Projects Holding AG,Seefeldstrasse 5,8008,Zürich,ZH,Steinmann,Roland
BolBol AG,Dollikerstrasse 68c,8707,Uetikon am See,ZH,Kazanci,Caglar
NASA Properties AG,Waffenplatzstrasse 82,8002,Zürich,ZH,Mosbacher,Naphtali
deko.ch AG,Rümlangerstrasse 24,8156,Oberhasli,ZH,Fischer,Thomas
Gubemo AG,Nordstrasse 104,8037,Zürich,ZH,Boccamazzo,Alan
2Towers Immobilien AG,Im Schossacher 12,8600,Dübendorf,ZH,Buhl,Andreas Stefan
NetData AG,Märtplatz 3,8307,Effretikon,ZH,Alison,Gilbert
YADROT Industries AG,Nüschelerstrasse 31,8001,Zürich,ZH,Winkler,Thomas
O6 AG,Talstrasse 20,8001,Zürich,ZH,Hürlimann,Silvan
NEKO Lighting AG,Flüelastrasse 12,8048,Zürich,ZH,Speissegger,Sven
GRIS Alliance des Créateurs AG,Europaallee 33,8004,Zürich,ZH,Martino,Adele
ZIN Digital Asia AG,Wengistrasse 1,8004,Zürich,ZH,Lyk,Christian
Ibrahim-Schneidawind Group AG,Bahnhofstrasse 100,8001,Zürich,ZH,Schneidawind,Rabia Rahat
Effi Bau AG,Wehntalerstrasse 711,8046,Zürich,ZH,Shala,Afrim
"Ganija AG, Haustechnik - Heizungen - Sanitär",Schaffhauserstrasse 73,8472,Seuzach,ZH,Ganija,Nuri
Huusarztpraxis Früebli AG,Früeblistrasse 3,8157,Dielsdorf,ZH,Wespi,Peter
Autegrion GmbH,Weieracherstrasse 3,8184,Bachenbülach,ZH,Birnbach,Sebastian Pawel
freshcom GmbH,Earhartstrasse 14,8152,Glattpark (Opfikon),ZH,Baumgartner,Cédric
Auto Betschart & Lier GmbH,Ottenbacherstrasse 1,8909,Zwillikon,ZH,Betschart,Benno
Spuntä GmbH (Spuntä Sàrl) (Spuntä LLC)),Brämenstallstrasse 4,8184,Bachenbülach,ZH,Schwarz,Arthur
Baito GmbH,Sihlamtsstrasse 5,8002,Zürich,ZH,Biljali,Besfort
ENA Installationen GmbH,Heidwiesen 31,8051,Zürich,ZH,Nikolic,Predrag
DK Transporte GmbH,Schulstrasse 29,8952,Schlieren,ZH,Krstic,Ana
Turnkey Consulting Schweiz GmbH,Cramerstrasse 16,8004,Zürich,ZH,Kümmerle,Thomas
mydh GmbH,General-Wille-Strasse 243E,8706,Meilen,ZH,Hutchinson,Stéphanie
Sport Food Excellence GmbH,Geenstrasse 19,8330,Pfäffikon,ZH,Zaugg,Jérôme
YOU IN FLOW GmbH,Boglerenstrasse 58,8700,Küsnacht,ZH,Ruetz,Daniela
Eriswiss Transport GmbH,Hirzenbachstrasse 7,8051,Zürich,ZH,Yohannes,Mussie
Mediamint GmbH,Lütisämetstrasse 129,8706,Meilen,ZH,Flückiger,Urs
Local Cords GmbH,Stelzenstrasse 6,8152,Glattpark (Opfikon),ZH,Jamshidi,Sheragim
Suter Kiosk GmbH,Goldistenstrasse 8,8625,Gossau,ZH,Suter,Priska Rolanda
FMTools GmbH,Reismühleweg 45,8409,Winterthur,ZH,Dähler,Hanspeter
3R Aviation Support Network GmbH,Chaltenriet 4,8310,Grafstal,ZH,Rub,Cornelio
Zeqiri Gipser und Maler GmbH,Badenerstrasse 865,8045,Zürich,ZH,Zeqiri,Avni
Küng Mauerwerk GmbH,Bruggwiesenstrasse 13,8442,Hettlingen,ZH,Küng,Manuel
BlackBox Music Management GmbH,Earhart-Strasse 18,8152,Glattpark (Opfikon),ZH,Riede,Natalie
Spark & Strategy Digital & Social Media Consulting & Coaching GmbH,Seestrasse 90,8802,Kilchberg,ZH,Ramirez Aguirrezabala,German
Siidegarte GmbH,Wässeri 7b,8816,Hirzel,ZH,Zuberbühler,Gabriela
GiM Deckenbau GmbH,Freiestrasse 4,8952,Schlieren,ZH,Jurina,Mladen
CHQM Management & Turnaround GmbH,Rüterspüelstrasse 22,8173,Neerach,ZH,Meier,Christoph
Naturklang GmbH,Hönggerstrasse 15,8037,Zürich,ZH,Ruoff,Felix
fashionpoint GmbH,Poststrasse 14,8194,Hüntwangen,ZH,Reimann,Markus
Rüeger Ingenieure GmbH,Unterer Graben 19,8400,Winterthur,ZH,Rüeger,Philipp
Vintage-Village GmbH,Haselstrasse 38,8335,Hittnau,ZH,Jakob,Marco
Umzugsservice Zürich GmbH,Uetlibergstrasse 27,8045,Zürich,ZH,Daued,Ahmad
RSN GmbH,Dufourstrasse 26,8702,Zollikon,ZH,Streur,Maurice Adrianus
Vogt Solutions GmbH,Oberbergweg 5,8635,Dürnten,ZH,Vogt,Bernd
Zürcher Holzbau GmbH,Oberaurüti 2,8497,Fischenthal,ZH,Zürcher,Matthias
Avra Consultancy GmbH,Brandschenkestrasse 174,8002,Zürich,ZH,Schijveschuurder,Judith
Kasper & Spillmann Kunstvermittlung GmbH,Pflanzschulstrasse 93,8004,Zürich,ZH,Kasper Kräutler,Stefanie Svenja
Fliwa GmbH,Gerenstrasse 70,8105,Regensdorf,ZH,Stofer,Christian
Büli Haustechnik GmbH,Hertenstrasse 17b,8353,Elgg,ZH,Mulaj,Durim
RT Financial Services GmbH,Bruggstrasse 25,8942,Oberrieden,ZH,Hug,Gion
JobRate GmbH,Im Sträler 42,8047,Zürich,ZH,Rayen,Rainer Francis
TOKI GmbH,Althardstrasse 10,8105,Regensdorf,ZH,Tok,Özçan
Stich & Oswald GmbH,Bändlistrasse 29,8064,Zürich,ZH,Oswald,Johannes Xaver
Runosy GmbH,Kirchstrasse 8,8245,Feuerthalen,ZH,Nue,Fredian
Taurus4757 GmbH,Wissmannstrasse 15,8057,Zürich,ZH,Girschweiler,Thomas
FPS - Flughafen Parkservice Schweiz GmbH,Hardstrasse 26,8424,Embrach,ZH,Faddi,István
POMPdeLUX (Schweiz) GmbH,Sternenstrasse 18,8002,Zürich,ZH,Hoffmann,Marianne
DiVaraGmbH,Kaiserstuhlstrasse 59,8154,Oberglatt,ZH,Amato,Antonello Daniele
Hannemann-Consulting GmbH,Bäckerstrasse 37,8004,Zürich,ZH,Hannemann,Oliver
Nuri's Imbiss GmbH,Schaffhauserstrasse 62,8451,Kleinandelfingen,ZH,Payab,Nurullah
Safe Security 14 GmbH,Viaduktstrasse 59,8005,Zürich,ZH,Berisha,Qazim
N.K.S Weinberg GmbH,Weinbergstrasse 26,8001,Zürich,ZH,Saini,Emin
FEAD GmbH,Feldstrasse 55,8004,Zürich,ZH,Esslinger,Fabian
Tpower 4 Natural Adhesives GmbH,Limmattalstrasse 197,8049,Zürich,ZH,Omura,Sachikazu
FANGAN GmbH,Rigistrasse 46,8006,Zürich,ZH,Burger,Jürg
Tariq Gastro GmbH,Grafschaftstrasse 2,8172,Niederglatt,ZH,Egloff,Patrick
Büro Corrodi GmbH,Biberlinstrasse 46,8032,Zürich,ZH,Corrodi,Rolf
Corimbus GmbH,Hündlerstrasse 20c,8406,Winterthur,ZH,Laubner,Ulrike
Stünzi Visualisierung GmbH,Knüslistrasse 1,8004,Zürich,ZH,Stünzi,Michael
Räppli Reinigung GmbH,Ottostrasse 35,8005,Zürich,ZH,Huwiler,Albert
Summit Up GmbH,Franklinstrasse 20,8050,Zürich,ZH,Pinggera,Stefan
Riesenrat Schweiz GmbH,Auenring 21,8303,Bassersdorf,ZH,Deger,Robert
wetzimmo gmbh,Talstrasse 58,8001,Zürich,ZH,Wetzel,Anton Pius
M Mobile Electronic GmbH,Winterthurerstrasse 5,8180,Bülach,ZH,Kentus,Meliha
JimSoft GmbH,Fohlochstrasse 5a,8460,Marthalen,ZH,Rota,Guido
Kiitos GmbH,Hinterdorfstrasse 14,8314,Kyburg,ZH,Schwach,Caroline
"caparn GmbH, Beratung und Dienstleistungen",Im oberen Boden 167,8049,Zürich,ZH,Capaul,Arnold
E & A GIPSER GmbH,Löwenstrasse 11,8953,Dietikon,ZH,Saiti,Sait
Verein Berufsbildung in Bangladesh,Oleanderstrasse 10,8050,Zürich,ZH,Khan,Hasan
Verein Perspektiven - Autismus Therapie Zentrum Zürich,Forchstrasse 36,8008,Zürich,ZH,Jenny,Bettina
Verein Weihnachten in Zürich,Limmatquai 34,8001,Zürich,ZH,Brugger,Christian
Arena Freizeit- und Kulturverein,Florastrasse 12,8953,Dietikon,ZH,Sözer,Suat
Al-Thani Center,,8702,Zollikon,ZH,Neupert,Dieter W.
Karl + Margrith Wiederkehr-Stiftung,Obere Reppischstrasse 15,8953,Dietikon,ZH,Felber,Johannes
Pro Vista Stiftung,Seestrasse 26,8702,Zollikon,ZH,Pausch,Regina
Pensionskasse der Stadt Winterthur,Lindstrasse 4,8400,Winterthur,ZH,Steiner,Rudolf
"JAS FORWARDING SA, Zweigniederlassung Kloten",Steinackerstrasse 28,8302,Kloten,ZH,,
evolve communication gmbh,Vorhaldenstrasse 35,8049,Zürich,ZH,,
"The Chancellor, Masters, and Scholars of the University of Cambridge, Cambridge (UK), Zweigniederlassung University Press, Maur",Lohweisstrasse 32,8123,Ebmatingen,ZH,Bowes,William Alexander
"ALLIED FINANCE TRUST AG, Vaduz, Zweigniederlassung Zürich",Bahnhofstrasse 14,8001,Zürich,ZH,Appert,Christina
"IMMOMIG SA, Zweigniederlassung Zürich",Technoparkstrasse 1,8005,Zürich,ZH,,
COINVEST NYFFELER,Eschenweg 1,3303,Jegenstorf,BE,Nyffeler,Ursula
Josi Haustechnik,Grassiweg 28,3714,Frutigen,BE,Josi,Alfred
Stettler,Ländtestrasse 10,4912,Aarwangen,BE,Stettler,Ramon William
INFODAT Cichocki,Lutertalstrasse 51,3065,Bolligen,BE,Cichocki,Marek Michal
Ingenieurbüro Herbert Mangang QSI,Chilchweg 6,3771,Blankenburg,BE,Mangang,Herbert
FREI Immobilienbewirtschaftung,Schlittmoosstrasse 2,3778,Schönried,BE,Frei,Philippe
'Kingly body care' Frei,Waffengasse 7,2502,Biel/Bienne,BE,Frei,Bernhard
Crystal Reinigung I. Ademi,Bielstrasse 30,2560,Nidau,BE,Ademi,Ismije
Blumen- & Handwerkatelier Kreisrund Dominique Mantese,Baumgartenstrasse 26,2575,Täuffelen,BE,Mantese,Dominique
Büroservice Käsermann,Ahornweg 5,3400,Burgdorf,BE,Käsermann,Nicole
thüler guitars,Bachweg 56,3053,Lätti,BE,Thüler,Thomas
Oberflächendesign R. Rolle,Bahnstrasse 3,4932,Lotzwil,BE,Rolle,Ronny
health and vitality cendrine gafner,Stadtplatz 32,3270,Aarberg,BE,Gafner,Cendrine
Slokar Instrumente,Schlossacker 517a,3758,Latterbach,BE,Slokar,Branimir
Rent Drive Vithiyananthan,Nelkenweg 5,3176,Neuenegg,BE,Vithiyananthan,Kalyani
Buchhandlung am Stadtbach Franziska Strauss,Bümplizstrasse 126,3018,Bern,BE,Strauss,Franziska
Schreinerei Bieri,Bühlstrasse 18,3671,Herbligen,BE,Bieri,Reto
Anker AA-Tactical-Shooting,St. Niklausstrasse 5,3425,Koppigen,BE,Anker,Madeleine
Adinter Mitsuko Moser,Rue Marzon 7,2738,Court,BE,Moser,Mitsuko
AM-INFORMATIQUE Raphael Moser,Rue Marzon 7,2738,Court,BE,Moser,Raphael
Bangerter trade,Sonnhaldenweg 32 a,3110,Münsingen,BE,Bangerter,Miriame
Tinail's Tina Reich,Schützengässchen 5,3011,Bern,BE,Reich,Tina
Garage Carrosserie Andreas Jost,Gewerbestrasse 18,3512,Walkringen,BE,Jost,Remo
Beauty Corner Fahrni Monika,Schulhausgasse 3,3110,Münsingen,BE,Fahrni,Monika
Ramser Haustechnik,Mittelstrasse 16,2502,Biel/Bienne,BE,Ramser,Fritz
PC Burkhalter,Minderweg 13,3400,Burgdorf,BE,Burkhalter,Ruedi
Textilreinigung Hiltbrunner Nachfolgerin Emma Peter,Schulstrasse 7,3604,Thun,BE,Peter,Emma
Animo Praxis Christian Wiedmer,Friedbergstrasse 13,3512,Walkringen,BE,Wiedmer,Christian
OBAHON IMPORT EXPORT,Madretschstrasse 124,2503,Biel/Bienne,BE,Obahon,Peter
Sarah Perincioli Sound Graphic Productions,Waldstätterstrasse 12,3014,Bern,BE,Perincioli,Sarah
WALDNER ABO,Grubenstrasse 36-36,3322,Urtenen-Schönbühl,BE,Waldner,Ursula Ruth
MAW - Mariotto Art Works,Hof 9,4917,Busswil bei Melchnau,BE,Mariotto,Adriano
Pizzakurier Elbistan Güzel & Co.,Krauchthalstrasse 8,3414,Oberburg,BE,Güzel,Ayse
Vittorio Maccarone & David De Souza,Untere Hauptgasse 26,3600,Thun,BE,De Souza,David
Bijouterie Schertenleib AG,Bahnhofstrasse 23c,3800,Interlaken,BE,Schertenleib,Franziska
AGFS (Arbeitsgemeinschaft Fernsehwerbung Schweiz) AG,Giacomettistrasse 1,3006,Bern,BE,Battaglia,Bruno
Adrien Dubuis Kraftwerke AG,Chemin de la Neigette 4,2533,Evilard,BE,Dubuis,Eric
Logos Service AG,Hauptstrasse 27,3250,Lyss,BE,Logos,Silvia-Hermine
iZMK AG,Anternstrasse 22,4704,Niederbipp,BE,Petrovic,Ljubinko
DGR Investment AG,Bollwerk 21,3011,Bern,BE,Potgieter,Antonie Michael
SwissCommerce Holding AG,Chasseralstrasse 3,4900,Langenthal,BE,Freiin von Waldenfels,Friederike
Thalgut Immobilien AG,Eigerstrasse 2,3007,Bern,BE,Uebersax,Adrian
Oppliger-bois Sàrl,Rue du Pont 6d,2610,Saint-Imier,BE,Cattin,Alexandre
Fish Factory GmbH,Kichlindachstrasse 8,3052,Zollikofen,BE,Herrmann,Bruno
Magansoft GmbH,Oberer Galgen 4,3323,Bäriswil,BE,Sigrist,Martin
SanJoe Gelato Sàrl,Gottstattstrasse 65,2504,Biel/Bienne,BE,Suransky,Alexander
stolier GmbH,Dahliaweg 14,3004,Bern,BE,Bernet,Denis
EXER-VAD Sàrl,Rue des Marchandises 12,2502,Biel/Bienne,BE,Grunspan,Michel José Antoine
ILP SMART TECHNOLOGY SOLUTIONS GmbH,Fischerweg 3,3700,Spiez,BE,Leibenguth,Nico Peter
KiTa Kinderzimmer GmbH,Postgasse 2,3714,Frutigen,BE,Klossner Wandfluh,Martina Margareta
Rolli Holzbau GmbH,Arnistrasse 15,3508,Arni bei Biglen,BE,Rolli,Andreas
üses Caterding GmbH,Risegasse 17,3704,Krattigen,BE,Barreto do Nascimento,Anita
projektnetzwerk GmbH,Humboldtstrasse 47,3013,Bern,BE,Héritier,Danièle Irene Joséphine
Daniel Kramer GmbH - Gesamtprojektleitung und Bautreuhand,Effingerstrasse 14,3011,Bern,BE,Kramer,Daniel
Reflect Records GmbH,Werkstrasse 12,3428,Wiler bei Utzenstorf,BE,Fiumi,Philip Patrizio
Mondi & Diti GmbH,Grubenstrasse 5,3072,Ostermundigen,BE,Zuber,Makfire
framecom gmbh,Freiburgstrasse 562,3172,Niederwangen bei Bern,BE,Schnidrig,Beat
Le Phono Sàrl,Rue Baptiste-Savoye 62,2610,Saint-Imier,BE,Knütti,Dominique Lucette Nelly
Aeberhard PM GmbH,Gantrischweg 5,3622,Homberg bei Thun,BE,Aeberhard,Hans
Kurz ICT GmbH,Speckhubel 50A,3631,Höfen bei Thun,BE,Kurz,Barbara
Haller Architekten GmbH,Denkmalweg 5,2543,Lengnau bei Biel,BE,Haller,Andreas
Baggenstos Architekten GmbH,Staatsstrasse 157,3626,Hünibach,BE,Baggenstos,Daniel
SKY Transport GmbH,Wangenstrasse 52,3018,Bern,BE,Srikantharaja,Shrikajan
Amatheos GmbH,Spiezbergstrasse 29,3700,Spiez,BE,Specking,Heiko
Rivendi GmbH,Thunstrasse 71,3006,Bern,BE,Gravinese Del Piano,Sonia
Gstaad Property Mentors GmbH,Lauenenstrasse 91,3780,Gstaad,BE,Mielke,Rolf Herbert
BAUMANAGEMENT RÖTHLISBERGER GMBH,Tieracker 8,3065,Bolligen,BE,Röthlisberger,Urs
Conos GmbH,Alter Kirchweg 7,3661,Uetendorf,BE,Kohli,Markus
Hirschi Isolationen Holding GmbH,Alpenstrasse 13,3806,Bönigen bei Interlaken,BE,Hirschi,Franco
Wohnbaugenossenschaft Tiyospaye,Oberbühl 11,4950,Huttwil,BE,Buchwalder,Jacqueline Aranda
verein vitamia,Dorfstrasse 23,3046,Wahlendorf,BE,Ott,Anneliese
Verein Pfotenparadies-Brienz.ch,Bächlischwendi 1035A,3855,Brienz,BE,Morgenthaler-Jörin,Thomas
"Susanne Buehler Aktiengesellschaft, Eschen, Zweigniederlassung Bern",Schildknechtstrasse 30,3006,Bern,BE,Bühler,Susanne Sabrina Ursula
"Marku, Geissbühler & Theiler AG",Schwarztorstrasse 87,3007,Bern,BE,,
"Prosutar, Dienstleistungen S. Suter",Günikon 9,6276,Hohenrain,LU,Suter,Silvan
Blum Kathrin,Dorfstrasse 4,6214,Schenkon,LU,Blum,Katharina
Corinna's Hair visit Hunziker,Hirschmatte 4,6208,Oberkirch,LU,Hunziker,Corinna
Bösch Metallbau,Feldhof,6022,Grosswangen,LU,Bösch,Anton
Lustenberger Hans Gütertransporte aller Art Schwarzenbach,Schwarzenbach,6156,Luthern,LU,Lustenberger,Hans
Hein,Dornacherstrasse 14,6003,Luzern,LU,Hein,Hanns Karl Florian
CH-P Design Perrollaz,Rothenburgstrasse 26,6274,Eschenbach,LU,Perrollaz,Christian
Diamant Reinigung & Umzug Mobaraki Dolatabadi,Zellburg 1,6214,Schenkon,LU,Mobaraki Dolatabadi,Ruzbeh
time-out tours Fischer Julia,Sägematt 3,6204,Sempach,LU,Merz,Beat
MBC Marcus Burch Consulting,Hubelmatte 32,6208,Oberkirch,LU,Burch,Markus
Schmid Grafik,Pulvermühleweg 10,6010,Kriens,LU,Schmid,Daniel
"Kollektivgesellschaft Herr und Frau Pham-Ngo, Restaurant Memories of Asia",Waldstätterstrasse 27,6003,Luzern,LU,Pham,Paul
LU Brandschutz AG,Oberdorf 30,6037,Root,LU,Huwyler,Armin
Goodsphere AG,Baldeggstrasse 34,6280,Hochdorf,LU,Bürkli,Nicole
Hartweger & Partner AG,Platz 3,6039,Root D,LU,Hartweger,Sergio Roberto
car24 AG,Industriestrasse 62,6034,Inwil,LU,Grützmann,Andreas
ELFITEL AG,Nidfeldstrasse 5,6010,Kriens,LU,Ganijaj,Alban
Market Edge Ltd,Winkelriedstrasse 35,6003,Luzern,LU,Furrer,Sandra
NLU Immobilien AG,Hirschengraben 7,6003,Luzern,LU,Brun,Pierre-Yves
ESTHORO AG,Burehof,6024,Hildisrieden,LU,Estermann,Romilde Ursula
bebemarketing.com AG,Industriestrasse 10,6010,Kriens,LU,Mutschler,Bernd Eugen
GALFRI Kaffee- und Event Services GmbH,Industriestrasse 16,6215,Beromünster,LU,Galliker,Rosario
Wasser-Piraten GmbH,Spyr 1,6017,Ruswil,LU,Städler,Markus Emil
DecoBar 1414 GmbH,Bahnhofstrasse 4,6030,Ebikon,LU,Farrero,Martina
L'Ambiance GmbH,Hauptstrasse 56,6280,Hochdorf,LU,Thuli,Andrea
Spassimo GmbH,Hubelstrasse 8,6012,Obernau,LU,Inäbnit,Urs
Montis GmbH,Leopoldstrasse 6,6210,Sursee,LU,Boog,Stephan
cosmoro GmbH,Postplatz 6,6130,Willisau,LU,Moro,Silvio
Papeterie Mühlebach GmbH,Münzgasse 2,6102,Malters,LU,Mühlebach,Manuela
"S. Weber Arbon Klarastrasse GmbH, mit Sitz in Luzern",Murbacherstrasse 37,6003,Luzern,LU,Arpagaus,Gian
Kretz Karusselle GmbH,Rüedikerstrasse 16,6288,Schongau,LU,Kretz,Jakob
"O. Jung Arbon Landquartstrasse GmbH, mit Sitz in Luzern",Murbacherstrasse 37,6003,Luzern,LU,Arpagaus,Gian
fitNessen GmbH,Luzernerstrasse 9a,6010,Kriens,LU,Husistein,Steve
Rund um's Heilen GmbH,Spitalstrasse 17a,6004,Luzern,LU,Aschwanden,Viola
"D. Landmann Schenkon GmbH, mit Sitz in Luzern",Murbacherstrasse 37,6003,Luzern,LU,Hess,Guido
"A. Dinaj Emmen Süd GmbH, mit Sitz in Luzern",Murbacherstrasse 37,6003,Luzern,LU,Hess,Guido
Hansueli Remund Raumplanung GmbH,Neustadtstrasse 7,6003,Luzern,LU,Remund,Hans Ulrich
Hodel Energie GmbH,Schweikhüsern 3,6018,Buttisholz,LU,Hodel,Georg David
Individual Cars GmbH,Sternmatt 13,6242,Wauwil,LU,Stadelmann,Herbert
immVERS GmbH,Zürichstrasse 49,6004,Luzern,LU,Halilaj,Mentor
MEXAB Stiftung,Murbacherstrasse 37,6002,Luzern,LU,Hoch,Mariel
ALL CONSULTING AG,Bireggstrasse 2,6003,Luzern,LU,,
"Mailyn Streit, myPIANOline Klavierlernmethode",Im Dorf,6466,Bauen,UR,Streit,Mailyn Rebecca
Riteco AG,Gändlistrasse,6468,Attinghausen,UR,Lehmann,Marcel
transverbal GmbH,Klostergasse 16,6460,Altdorf,UR,de Reynier,Francine
Valeria Meli Personal Training,Gewerbestrasse 28,6438,Ibach,SZ,Meli,Valeria
Auto Speedi Marques da Silva,Sägereistrasse 9,8834,Schindellegi,SZ,Silva,Antonella
CHILL & STYLE Evelyn Widmer-Vogel,Kronenstrasse 2,8840,Einsiedeln,SZ,Widmer,Evelyn
Michael Frank IT-Consulting,Talstrasse 18,6442,Gersau,SZ,Frank,Michael
"Eiweiss Vitamin Quelle, Monika Ochsner",Stockbergweg 2,8855,Wangen,SZ,Ochsner,Roman
Mächler Hanspeter - Trading,Birkenstrasse 27,8856,Tuggen,SZ,Mächler,Hanspeter
Jörg Kälin Rolladen & Storen,Zürichstrasse 29,8840,Einsiedeln,SZ,Kälin,Jörg
"Schwyzer-Journal, Polesana & Hegelbach",Birchli 14,8840,Einsiedeln,SZ,Hegelbach,Johann Josef
Lötscher & Lötscher Inselwirtschaft Ufenau,Insel Ufenau Unterdorf,8808,Pfäffikon,SZ,Lötscher,Beat
finam software&solutions ag,Churerstrasse 47,8808,Pfäffikon,SZ,Grolp,Andreas
RAARIMMO AG (RAARIMMO Ltd) (RAARIMMO SA) ),Poststrasse 2,8808,Pfäffikon,SZ,Danial,Nada Annalise
SWECON Haus AG,Chaltenbodenstrasse 16,8834,Schindellegi,SZ,Rost,Hans-Dieter
Sureinvest AG,Höh-Rohnenweg 17,8832,Wilen,SZ,Ehrbar,Rudolf
Rocafella Ltd.,Wolleraustrasse 41a,8807,Freienbach,SZ,Vázquez Pérez,Alejandro
Metzgerei Bürgi AG,Dorfstrasse 5,8834,Schindellegi,SZ,Bürgi,Ursula
BTC Innovation AG,Einsiedlerstrasse 23,8834,Schindellegi,SZ,Heitmann,Andreas
DinoFly LLC,Ziegelhüttenstrasse 16,8853,Lachen,SZ,Dinello,Oscar
DB Bau GmbH,Eulenweg 25,8832,Wilen,SZ,Bytyqi Baumann,Dibran
IP&SIM Beratung GmbH,Schwerzistrasse 6,8807,Freienbach,SZ,Semmler,Bernd Michael
HORTILINE GmbH,Seestrasse 58,8806,Bäch,SZ,Michaud,Aloys
SQP Swiss Quality Products GmbH,Seebodenstrasse 24,6403,Küssnacht,SZ,Tsiridis,Kyung Hye
modern STONES GmbH,Korporationsweg 9a,8832,Wilen,SZ,Morgenegg,Marcel
BTSA GmbH,Churerstrasse 12,8808,Pfäffikon,SZ,Kuprecht,Rolf
IBF & Exp.H. GmbH,Glänternstrasse 18,8864,Reichenburg,SZ,Wyss,Ursula
Constar GmbH,Färberstrasse 4,8832,Wollerau,SZ,Eberle,Reiner
GSB Garage Sepp Blättler,Hirserenriedstrasse 48,6074,Giswil,OW,Blättler,Josef
Roland Muther IT Service,Sandmatt 6,6064,Kerns,OW,Muther,Roland
Denise Wehrli Invest,Sandmatt 6,6064,Kerns,OW,Wehrli,Denise
"U KARI, Inhaber Karl Kiser",Landenbergstrasse 11,6060,Sarnen,OW,Kiser,Karl
Haustechnik Blättler AG,Mühlemattli 30,6074,Giswil,OW,Langensand Blättler,Astrid
TIARA Capital Holding AG,Tulpenweg 2,6060,Sarnen,OW,Altug,Ian
Camenzind Human Resources GmbH,Bahnhofplatz 6,6060,Sarnen,OW,Camenzind,Claudia
Amstad Gastro,Stanserstrasse 3,6362,Stansstad,NW,Amstad,Marco Bruno
"Rosmarie Sursa Koerdt, sozialarbeit-mandatsfuehrung.ch",Rotzbergstrasse 3,6362,Stansstad,NW,Sursa Koerdt,Rosmarie
Werner Daniel Leisinger,Fenzgasse 3,8755,Ennenda,GL,Leisinger,Werner Daniel
Bergli Glarus GmbH,Berglistrasse 50,8750,Glarus,GL,Eberhard,Michaela
"Metelka-Matalova Stepanka, PEWA",Bachweg 2,6315,Oberägeri,ZG,Metelka,Stepanka
David Dayan Consulting,Nussli 1,6313,Edlibach,ZG,Dayan,David
Swiss Bliss D. Kaya,Heimelistrasse 15,6314,Unterägeri,ZG,Kaya,Denis
Roland Peer Informatikdienstleistungen,Zugerstrasse 4,6312,Steinhausen,ZG,Peer,Roland
COIFFURE FAHIRA HADZIC,Hauptstrasse 12,6315,Oberägeri,ZG,Hadzic,Fahira
Balloon Kids Tanja Dollinger,Zeughausgasse 14,6300,Zug,ZG,Dollinger,Tanja
ANTON ROLLER - TENNISLEHRER,Gewerbestrasse 11,6340,Baar,ZG,Roller,Anton
Rufus Consulting AG,Haldenstrasse 1,6340,Baar,ZG,Gribi,Patrick
Optima Nexus Consulting AG,Lüssiweg 20,6300,Zug,ZG,Metzner,Peter
Optima Nexus IT Services AG,Lüssiweg 20,6300,Zug,ZG,Metzner,Peter
Art Promotion Baar AG,Sonnmatt 3,6319,Allenwinden,ZG,Linke,Markus
MS Emerald Dawn AG,Poststrasse 14,6304,Zug,ZG,Sandmeier,Lucas
MS Emerald Sun AG,Poststrasse 14,6304,Zug,ZG,Sandmeier,Lucas
BuzzLab AG,Zugerstrasse 76B,6340,Baar,ZG,Lauber,Dominique
Globacom AG,Schochenmühlestrasse 4,6340,Baar,ZG,Ladner,Thomas
OMNIK AG,Vorstadt 32,6304,Zug,ZG,Bill,Daniel
NUBES International AG,Schlumpfenhof 4,6343,Rotkreuz,ZG,Markstahler,Andreas
GSPC AG,Turmstrasse 28,6300,Zug,ZG,Klenk,Hans-Günther
eCollect AG,Mitteldorfstrasse 37A,6315,Oberägeri,ZG,Blattmann,Urs
Red Forest AG,Lättichstrasse 6,6340,Baar,ZG,Stiegler Hauser,Patrizia
Froodas AG,Birkenmatt 13,6343,Rotkreuz,ZG,Elmiger,Jakob
Vasta International AG,Bösch 43,6331,Hünenberg,ZG,Pozzi,Jasmin Marija
Octosoft AG,Sennweidstrasse 45,6312,Steinhausen,ZG,Richard,Erwin
ONE MOZAIK AG,Terrassenweg 1A,6300,Zug,ZG,Ballocchi,Giuseppe
CelGen3D AG,Hofstrasse 1A,6300,Zug,ZG,Daum,Volker
Santa Maria Invest AG,Unter Altstadt 28,6300,Zug,ZG,Eisenring,Martin
Scout24 International Management AG,Neuhofstrasse 4,6341,Baar,ZG,Hupfer,Johannes Peter
LoccoZ Holding AG,Ibelweg 18A,6300,Zug,ZG,Zoccolillo,Giuseppe
Inpay Switzerland AG,Bahnhofstrasse 10,6301,Zug,ZG,Barton,Michael W.
Futurice (Switzerland) AG,Alte Steinhauserstrasse 1,6330,Cham,ZG,Schmid,Guido
Suke Business Corporation AG,Ägeristrasse 48,6300,Zug,ZG,Lombardi,Mirco
AVICII INTERNATIONAL GmbH,Alte Steinhauserstrasse 1,6330,Cham,ZG,van Doorn,Barthold Assuerus
DAGASTRO GmbH,Bundesplatz 16,6300,Zug,ZG,Ellenberger,Heinz
Alessio Allround GmbH,Allmendstrasse 3A,6312,Steinhausen,ZG,Ikanovic,Alija
Fitnessmagnet GmbH,Zeughausgasse 15,6300,Zug,ZG,Lüdi,Milena
BrandCouch GmbH,Baarerstrasse 135,6301,Zug,ZG,Fasciati,Marcel
Smart Innovations of Switzerland GmbH,Obmoos 4,6301,Zug,ZG,Bergqvist,Olov Johan
Wohlfühl Kosmetik GmbH,Oberdorfstrasse 3,6340,Baar,ZG,Schwerzmann,Flavia
myvets GmbH,Knonauerstrasse 54,6330,Cham,ZG,Béosier,Yuri Michel
Euro Media Verlag GmbH,Baarerstrasse 11,6300,Zug,ZG,Seidel,Jana
vitenio GmbH,Gewerbestrasse 5A,6314,Unterägeri,ZG,Brabender,Thomas
Sunstone Water Group Service GmbH,Rathausstrasse 7,6340,Baar,ZG,Jancik,Roman
POSTA POWER GmbH,Bahnhofstrasse 9,6341,Baar,ZG,Keller,Boris Gregor
Sixty and Me LLC,Gotthardstrasse 30,6300,Zug,ZG,Manning,Nathan
Tempro Personal Zug GmbH,Baarerstrasse 71,6300,Zug,ZG,Tschuor,Nathalie Deborah
pk-management GmbH,Bundesplatz 4,6300,Zug,ZG,Krag,Peter
ML Consult & Invest GmbH,Baarerstrasse 141,6300,Zug,ZG,Lonsert,Michael
Prime Office AG Zweigniederlassung Baar,Oberdorfstrasse 11,6340,Baar,ZG,,
"N.O.R.A. Services AG, Balzers, Zweigniederlassung Zug",Baarerstrasse 53,6304,Zug,ZG,Fiori,Virginia
Mosquée de Fribourg - MoFri,Boulevard de Pérolles 55,1700,Fribourg,FR,Uysal,Yusuf
Avi Murten GmbH,Kreuzgasse 4,3280,Murten,FR,Singh,Avtar
Spacki's Poolservice Bernhard Spack,Austrasse 3,3175,Flamatt,FR,Spack,Bernhard
FIROM GROUP Sàrl,Impasse de la Forêt 15,1700,Fribourg,FR,Coronas,Alessio
Speedy Esta GmbH,Rue Saint Laurent 2,1470,Estavayer-le-Lac,FR,Kastrati,Fatime
Kiosque L'Orchidée Sàrl,Rue St-Pierre 2,1700,Fribourg,FR,Mugny,Annarosa
"RIZ Construction, titulaire Rizzello",Route de la Gruyère 13,1634,La Roche,FR,Rizzello,Vincenzo
"Space-Time-Musik, Matti",Trittehüsere 7,3182,Ueberstorf,FR,Matti,Lukas
Antonio Losito 'Buvette du stade St-Léonard',Chemin de l'Abbé-Freeley 6,1700,Fribourg,FR,Losito,Antonio
SiYu AG,Route Saint-Nicolas de Flüe 2,1700,Fribourg,FR,Stadelmann,Edgar
SUI 5410 GmbH,Boulevard de Pérolles 19,1700,Fribourg,FR,Auer,Cyrill Leonard
SECRETARIAT & COMPTABILITE Cosandey Patricia,Chemin Saint-Marc 22,1700,Fribourg,FR,Cosandey,Patricia Béatrice Fabienne
Osteopathie Born,Bahnhofstrasse 3,3186,Düdingen,FR,Born,Kurt Rudolf
BUMA GmbH,Lusbüel 7,1736,St. Silvester,FR,Buntschu,Mario
Dynatom International Sàrl,Route des Arsenaux 22,1700,Fribourg,FR,Lefevre,Arnaud Jacques Franck
FP Constructions Sàrl,Chemin de Sport 11a,1773,Léchelles,FR,De Almeida Pinho,Carlos Miguel
HTZ Yurteri Gerüstbau,Chemin Fin du Mossard 59,3280,Murten,FR,Yurteri,Caglar
Pinto Rodrigues & Da Silva Cordeiro,Ruelle des Ormeaux 17,1635,La Tour-de-Trême,FR,Da Silva Cordeiro,Fernando
Delamadeleine Claude,Les Thurlings 79,1772,Grolley,FR,Delamadeleine,Claude Georges
"Buvette des Sattels, R. Moura",Châlet Sattelschwand,1656,Jaun,FR,Moura,Ronald
Realtech SA,Länggasse 13,3280,Murten,FR,Tosalli,Bernard
FS2B Sàrl,Chemin de la Buchille 63,1630,Bulle,FR,Sudan,Frédéric Alexandre
Dattilo vins,Impasse des Etangs 19,1763,Granges-Paccot,FR,Dattilo,Giuseppe Fabio
GRADINA Sàrl,Rue de Romont 5,1700,Fribourg,FR,Petrus,Camelia Mariana
YEP ! Sàrl,Place du Petit-Saint-Jean 17,1700,Fribourg,FR,Lauber,Alexandre
"Grinta Art Ink, Messina Michael-Mattia",Impasse Bellevue 2,1632,Riaz,FR,Messina,Michael-Mattia
fleurs-mariages.ch Murielle Rapin,Les Marinis 3,1483,Montet (Broye),FR,Rapin,Murielle Chantal
"So Close, Anna Strzempa",Chemin des Liserons 14,1786,Sugiez,FR,Strzempa,Anna
Bureau technique D. Fatio,Chemin des Crosettes 23,1773,Léchelles,FR,Fatio,David Yves
"Anemos, Hayoz Pierre-Alain",Chemin du Forny 8,1637,Charmey (Gruyère),FR,Hayoz,Pierre-Alain
futurmap sàrl,Route d'Oron 138,1676,Chavannes-Forts,FR,Rolle,Jean-François
TWO-SIGMA GmbH,Bergacher 7,3213,Kleinbösingen,FR,Lüthi,Annette
Salam World Investment Holding AG,Boulevard de Pérolles 55,1700,Fribourg,FR,Ajmi,Ridha
"Martine Coiffure, Stern",Rue de Corbières 35,1630,Bulle,FR,Stern,Martine
Tschopp - Coaching und Mediation,Ochsenriedstrasse 9,3185,Schmitten,FR,Tschopp,Martin
Zahntechnik Kissling,Unterführungsstrasse 30,4600,Olten,SO,Kissling,Herbert
Plüss Ostreisen,Weissensteinweg 3,4532,Feldbrunnen,SO,Plüss,Markus-Alphons
Elektro Grimbichler,Thalmattweg 16,4145,Gempen,SO,Grimbichler,Michael
Il Cabarolino Eugenio Gullo,Leberngasse 7,4600,Olten,SO,Gullo,Eugenio
"STRAMAG Strassenmarkierungen, Mathias Roth",Kriegstettenstrasse 54,4563,Gerlafingen,SO,Roth,Antonia
broggi planconsulting,Neumattering 9,4145,Gempen,SO,Broggi,Silvio
Designer Hüsli Priska Bischof,Dorfstrasse 175,4623,Neuendorf,SO,Bischof,Priska
Richard Cosmetics,Bettlachstrasse 2,2540,Grenchen,SO,Richard,Ursula
"Restaurant Bleichenberg, Barua + Co.",Bleichenbergstrasse 48,4562,Biberist,SO,Blättler,Pathum
Gastro und Fahrzeuge Demir & Co.,Berthastrasse 1,4500,Solothurn,SO,Demir,Emrah
Architektur- und Bauingenieurbüro Hans Rudolf & Yasmine Künzler,Oberer Graben 3,4600,Olten,SO,Künzler,Hans Rudolf
"SCHÄRER & PARTNER, Steuer- & Treuhandpraxis",Segetzstrasse 28,4503,Solothurn,SO,Schärer,Christine
Heim & Heim AG,Allmendstrasse 50,4623,Neuendorf,SO,Heim,Luzia
Schreinerei Maik Stuber GmbH,Oberwilstrasse 62,4579,Gossliwil,SO,Stuber,Maik
VET-TONI GmbH,Wolfackerstrasse 13,4657,Dulliken,SO,Surkisi,Skender
Auer Metallbau GmbH,Däderizstrasse 44D,2540,Grenchen,SO,Auer,Andreas
Swiss Cycling Events GmbH,Sportstrasse 44,2540,Grenchen,SO,Peter,Thomas
Xray Shop GmbH,Mattenstrasse 6,4532,Feldbrunnen,SO,Maienfisch,Alexander Urs
PB Media GmbH,Solothurnerstrasse 17,4613,Rickenbach,SO,Bleuer,Philipp
"Sombo AG, Zweigniederlassung Walterswil",Bannerstrasse 2,5746,Walterswil,SO,,
La vie en roses Bettina Scheer,Mittlere Strasse 82,4056,Basel,BS,Scheer,Bettina Esther
Terrasamba Büklü,Feldbergstrasse 71,4057,Basel,BS,Büklü,Burcu
"Derin Market, Dervis Seker",Hegenheimerstrasse 66,4055,Basel,BS,Seker,Dervis
Kaister Kommunikation,Rütimeyerstrasse 3,4054,Basel,BS,Kaister,Stefan
Astride Zankl,Feldbergstrasse 23,4057,Basel,BS,Zankl,Astride Marie-Reine
Swiss ecolight electronics walther,Neubadstrasse 159A,4054,Basel,BS,Walther,Klaus Peter
Putz-Zwirbel Heidi Benz,Peter Ochs-Strasse 55,4059,Basel,BS,Benz,Heidi
"KSchäuble, R. Sahlender und S. Sommer Sahlender, Metallbau und Schlosserei",Markgräflerstrasse 24,4057,Basel,BS,Sigstein,Franz
Enterprising Imports Rohner & Partner,Dornacherstrasse 317,4053,Basel,BS,Rohner,Remo Ivo
Handwerksbäckerei Rebon Mohamedi,Dammerkirchstrasse 80,4056,Basel,BS,Perez Garcia,Melania
ACREDIS Basel AG,Jacob Burckhardt-Strasse 38,4052,Basel,BS,Voigt,Matthias
Excellence 25 Holding AG,Gellertstrasse 18,4052,Basel,BS,Dursteler,Carsten
Schweizerische Liegenschaftsbewertung AG,Wettsteinplatz 3,4058,Basel,BS,Kurz,Roland
"Schneider + Partner AG, Advokatur und Meditation",Dornacherstrasse 8,4053,Basel,BS,Schneider,Silvia
Basel Art Center AG,Riehentorstrasse 33,4058,Basel,BS,Rüthmüller,Matthias
Michael Sönnichsen GmbH,Birsstrasse 320,4052,Basel,BS,Sönnichsen,Michael
Chattle GmbH,Picassoplatz 4,4052,Basel,BS,Heinrich,Simon Robert
Fallo 8 Global GmbH,Rebgasse 28,4058,Basel,BS,Schüpfer,Roland Peter
Vujàdé Law GmbH,Mittlere Strasse 154,4056,Basel,BS,Bouwsma,Jasper
Hozan Bau GmbH,Lehenmattstrasse 280,4052,Basel,BS,Mikerevic,Tamara
HelvetiX Performance GmbH,Vogesenstrasse 132,4056,Basel,BS,Bopp,Micha Kephas
Merkle Dubois GmbH,Sternengasse 23,4051,Basel,BS,Dubois Merkle,Rachel
Yildirim Kiosk GmbH,Waldshuterstrasse 4,4058,Basel,BS,Yildirim,Gonca
MS-Bau GmbH,Voltastrasse 123,4056,Basel,BS,Bjelakovic,Sasa
FM Swissbau GmbH,Davidsbodenstrasse 39,4056,Basel,BS,Petrovic,Nemanja
Gesundheitspraxis Sabine Wachsmann Thurnherr,Hauptstrasse 7,4153,Reinach,BL,Wachsmann Thurnherr,Sabine
Frey Treuhand,Riedstrasse 6,4222,Zwingen,BL,Frey,Brigitte
Walser Menzi-Muck Arbeiten & Tiefbau,Reigoldswilerstrasse 1,4436,Liedertswil,BL,Walser,Verena
Abdel-Malak Taxi & Gastronomie,Hauptstrasse 15,4147,Aesch,BL,Abdel-Malak,Waguih
"Massage Praxis Frenkendorf, Danijela Ambord und Laetitia Steckler",Niederschönthalstrasse 2,4402,Frenkendorf,BL,Ambord,Danijela
Hörberatung Herrmann&Navarro,Rathausstrasse 51,4410,Liestal,BL,Herrmann,Daniel
Baselland Tourismus Services AG,Altmarktstrasse 96,4410,Liestal,BL,Bürgin,Markus
AP Traders AG,Hauptstrasse 103,4415,Lausen,BL,Mäder,Markus
NESSENTIAL AG,Spinnlerstrasse 2,4410,Liestal,BL,Nachbur,Matthias
Leuthardt Maler GmbH,Fiechtenweg 21,4153,Reinach,BL,Leuthardt,Heidi
Ruesch Gastro Solutions GmbH,Hauptstrasse 102,4147,Aesch,BL,Ruesch,Sabine
Del Gusto Liestal GmbH,Mühlegasse 2,4410,Liestal,BL,Buonanno,Espedito
Olio Pizzicantò GmbH,Münsterplatz 10,4102,Binningen,BL,Janiak,Claude
HELIA Suisse GmbH,Angensteinerstrasse 6,4153,Reinach,BL,Thüring,Philipp
Schweizer Heizung Lüftung Sanitär GmbH,Gewerbestrasse 3b,4450,Sissach,BL,Lehota,Dragutin
SLB VIDEO GmbH,Fraumattstrasse 16,4133,Pratteln,BL,Carbotti,Vincenzo
Fahrzeugtechnik Maggio GmbH,Oristalstrasse 85,4410,Liestal,BL,Maggio,Giovanna
KiTa Kunterbunt Pratteln GmbH,Mittelfeldstrasse 10a,4133,Pratteln,BL,Affolter-Veraguth,Mathias
TakeWing GmbH,Chüllerweg 9c,4453,Nusshof,BL,Marsh,Karen Denise
CBR Group GmbH,Muttenzerstrasse 127,4133,Pratteln,BL,Gaetani,Davide
Marjanovic Treuhand GmbH,Zihlackerstrasse 1,4153,Reinach,BL,Marjanovic,Vijoleta
Art-Floor Bodenbeläge GmbH,Libellenstrasse 7,4104,Oberwil,BL,Estermann,Michel
Freemind Activities GmbH,Im Ziegelgarten 7,4104,Oberwil,BL,Hämisegger,Cyrill
SPITEX REGIO LIESTAL,Schützenstrasse 10,4410,Liestal,BL,Aufdereggen Martin,Claudia
QTE - Quality and Testing Experts Kerschbaumer,Mühlenstrasse 12,8217,Wilchingen,SH,Kerschbaumer,Michael Peter
FashionDesign Markovic,Liiberackerweg 7,8223,Guntmadingen,SH,Markovic,Patrick
Autocenter M. Khano & M. Sürensoy,Gewerbestrasse 14,8225,Siblingen,SH,Khano,Aysar
AMICASA AG,Steigstrasse 77,8200,Schaffhausen,SH,Stäheli,Martin Alexander
"Entsorgungs- und Recycling-GmbH, Neuhausen",Industriestrasse 43,8212,Neuhausen am Rheinfall,SH,Suter,Elke Barbara
Caspar Multimedia GmbH,Kaltenbacherstrasse 24,8260,Stein am Rhein,SH,Caspar,Adrian
"Kolin Fahrzeuge AG, Zweigniederlassung Trasadingen",Zollstrasse 34,8219,Trasadingen,SH,,
Sepp Rusch,Nassi 525,9107,Urnäsch,AR,Rusch,Brigitte
"Stutz, Strategie und Innovation",Schützenbergstrasse 18,9053,Teufen,AR,Stutz,Roger Fabian
easyDOK AG,Ramsenburgweg 17,9100,Herisau,AR,Mosciatti,Bruno
"City-Garage AG, St. Gallen",Gerbestrasse 8,9410,Heiden,AR,Sonderegger,Mathias
Koller Metallbearbeitung,Oberbüel 26,9054,Haslen,AI,Koller,Madeleine
MABA Renovationen Umbauten Beratungen Marcel Balzli,Schöttlerstrasse 13,9050,Appenzell,AI,Frei,Astrid Maria
Mike Makus,Spielbergstrasse 13,9413,Oberegg,AI,Makus,Mike Edmond
RS Automobile Müller,Oberdorfstrasse 6,9524,Zuzwil,SG,Müller,Joy Roy
Schönenberger Drum Rental&Sale,Unterplattenstrasse 7,9620,Lichtensteig,SG,Schönenberger,Christian
Paradiso-Steingruber CreativiaB9,Bahnplatz 9,9400,Rorschach,SG,Paradiso,Giuseppe
Christoph Graf Organisationsberatung,Wattstrasse 9,9012,St. Gallen,SG,Graf,Christoph
Stefan Wick Unternehmungen,Werkhofstrasse,9402,Mörschwil,SG,Wick,Stefan
Loher Olaf,Tännelistrasse 22,9462,Montlingen,SG,Loher,Olaf
Plattenbeläge Kevin Inauen,Sonnenweg 1a,9470,Buchs,SG,Inauen,Kevin
Karolina Brägger APS,Altgonzenbach 69,9601,Lütisburg Station,SG,Brägger,Karolina
Raschle Racing,Hof,9620,Lichtensteig,SG,Raschle,Roman
Textilwerkstatt Frank-Bandally,Oberer Graben 42,9000,St. Gallen,SG,Frank,Andreas
"GRAF-Reisen, Allenspach, Inhaber Christian Allenspach",Churerstrasse 188,9471,Buchs,SG,Allenspach,Christian Manuel
Ann's Asian Store Anthonipillai,Singenbergstrasse 12,9000,St. Gallen,SG,Anthonipillai,Joseph
Wenk & Co.,Schönenboden 508,9658,Wildhaus,SG,Sutter,Barbara
Dumont & Senn Selected Goods,Seestrasse 7,8640,Rapperswil,SG,Dumont,Laurent Sébastien
Restaurant Eintracht Karin und Manuel Tobler,Weieren 27,9523,Züberwangen,SG,Tobler,Karin
STRATAX Treuhandgesellschaft Körner & Seeger,Vogelherdweg 7,9500,Wil,SG,Körner,Bigna Christina
KS Fenster und Türen AG,Herbergstrasse 11,9524,Zuzwil,SG,Baumann,Roger
Tuukul AG,Geltenwilenstrasse 8a,9000,St. Gallen,SG,Ammann,Petra
Oberhalden-Park AG,Höhenstrasse 27b,9032,Engelburg,SG,Bösch,Michael
PG Invest AG,Mühlackerstrasse 72,9436,Balgach,SG,Gschwend,Ingo Niklaus
Schwarz International GmbH,Eggwilstrasse 2a,9552,Bronschhofen,SG,Bürgl,Rudolf
PDS Porc GmbH,Eschagger 9,9468,Sax,SG,Gasenzer,Hans Peter
JoGa Gipser GmbH,Linthbettstrasse 14,8717,Benken,SG,Olah,Joszef
Präzitech GmbH,Soorpark,9606,Bütschwil,SG,Bürge,Devis
Pera Metallbau GmbH,Hubstrasse 76,9500,Wil,SG,Pera,Kristian
Verarbeitungscenter Schweiz GmbH,Säntisstrasse 2a,9500,Wil,SG,Fuhrer,Martin
HSS Montagen GmbH,Feldstrasse 36,9445,Rebstein,SG,Sulejmani,Shuajb
FANCY Mode GmbH,Hauptstrasse 48,9400,Rorschach,SG,Karakoc,Sebahattin
Diari Transport GmbH,Seezstrasse 15,8887,Mels,SG,Usejni,Muharem
DKB Handel GmbH,Werdstrasse 22,9444,Diepoldsau,SG,Broger,Daniel
Planung & Montage Keller GmbH,Obstgartenstrasse 4a,9300,Wittenbach,SG,Keller,Adrian
DADAS Night Logistic GmbH,Industriestrasse 149,9200,Gossau,SG,Demirtas,Murat
Solargenossenschaft-Linth,Gasterweg 38,8730,Uznach,SG,Fäh,Marco
Grischott Holz,Domleschgerstrasse 52,7411,Sils im Domleschg,GR,Grischott,Danilo
"Quader-Kebab, Omar Salih Ali",Sägenstrasse 104,7000,Chur,GR,Ali,Omar Salih Ali
"Nicole Fröhlich, NF footstep - happy dogs and people",Kanalstrasse 5,7304,Maienfeld,GR,Fröhlich,Nicole
D&D Design Deflorin & Di Fini,Via Isla,7151,Schluein,GR,Deflorin,Sandro
allDates AG,Bual 11,7157,Siat,GR,Gantner,Christoph
expert Personal AG,Scalettastrasse 96,7000,Chur,GR,Palazzo,Vittorio
GRISCHA FLYING CLUB AG,Via val Tgiern 7a,7017,Flims Dorf,GR,Bardill,Beat
Swiss Cyber Com SA,Cà Rossa,6537,Grono,GR,Pozzi,Angelo Fabio
Frida Fashion GmbH,Welschdörfli 11,7000,Chur,GR,Bernhard,Marcel
HESTE Impianti Sagl,San Roch,6537,Grono,GR,Pizzetti Canato,Elena
Moviemaint GmbH,Industriestrasse 4,7208,Malans,GR,Comps,Fadri
SESO Mode GmbH,Tardisstrasse 109,7302,Landquart,GR,Wellinger,Serafin
Näff GmbH,Plajet 8,7556,Ramosch,GR,Näff,Gian Andrea
Schreinerei Th. Meyer GmbH,Sgnè 125a,7553,Tarasp,GR,Meyer,Emma
TCM Dr. Bin Lin GmbH Praxis für chinesische Medizin,Via S. Placi 2,7180,Disentis/Mustér,GR,Lin,Bin
W. Deimbacher Gastrotechnik GmbH,Maschnixaweg 3,7208,Malans,GR,Deimbacher,Sabine
Vassalli Real Estate GmbH,Plazzet 21,7503,Samedan,GR,Vassalli,Lucia Camilla
"Blitz-Taxi, Alaj",Industriestrasse 44,5000,Aarau,AG,Alaj,Shpend
SMC - SUTER MANAGEMENT CONSULTING,Seilerstrasse 10,5426,Lengnau,AG,Bertozzi,Gabriela
Restaurant Café Famosa Lindenmann,Hauptstrasse 26,5502,Hunzenschwil,AG,Lindenmann,Fritz
Siegenthaler Gartenbau,Hohle Gasse 33,4323,Wallbach,AG,Siegenthaler,Patrick
Swiss Guard Degani,Wiesentalstrasse 8g,8962,Bergdietikon,AG,Degani,Marco
"Eveline Busslinger, Restaurant Schöneck",Hägelerstrasse 1,5453,Remetschwil,AG,Busslinger,Eveline
Bang Capital,Haselrain 12,8956,Killwangen,AG,Bang,Minh Vinh
Linder Hard- und Software,Dorfstrasse 15,5233,Stilli,AG,Linder,René
Engelfee.com Claudia R. Schmidt,Heitersbergstrasse 52,5443,Niederrohrdorf,AG,Schmidt,Claudia Rosina
"Five Cars, Tassilo Maerkel Automobile",Rugghölzli 5a,5453,Busslingen,AG,Maerkel,Tassilo
Th Jakob Plattenbeläge,Talstrasse 66 B,5042,Hirschthal,AG,Jakob,Thomas
Martins Whisky Post Inhaber Martin Kuhn,Hochstrasse 1,5405,Baden-Dättwil,AG,Kuhn,Johanna
PHILIP MARTIN'S - Inhaber Invernale,Landstrasse 99,5430,Wettingen,AG,Bugmann,Christina
FM-IT Fabio Mencattini,Tödistrasse 22,5430,Wettingen,AG,Mencattini,Fabio
creaSKILL H.W. Süess,Hüssiweg 5,4802,Strengelbach,AG,Süess,Heinz
Fjallagrös Stefanie Gehringer,Strickstrasse 502,5324,Full-Reuenthal,AG,Gehringer,Stefanie
Vital Master Prezioso,Ulmenweg 1,5504,Othmarsingen,AG,Prezioso,Davide
Goldschmiede-Atelier Stark,Hauptstrasse 94a,5742,Kölliken,AG,Stark,Thomas
DJ's Training-Fitness Studio Juratovic,Gislifluestrasse 36,5033,Buchs,AG,Juratovic,Diana
Gabard Consulting,Alte Mönthalerstrasse 1,5236,Remigen,AG,Gabard,Irina
folly deckensysteme,Kirchbergstrasse 33,5024,Küttigen,AG,Folly,André
"Gasthof Rössli, Sami & Klemmer",Hauptstrasse 55,5032,Aarau Rohr,AG,Klemmer,Michael
"Bajramoski & Nedelkova, MakBurek",Bremgarterstrasse 13,5610,Wohlen,AG,Bajramoski,Safet
ImmoGE AG,Edelweissstrasse 7,5430,Wettingen,AG,Geyer,Kathrin
AMA Print AG,Täfernstrasse 2,5405,Dättwil,AG,Feller,Christian
AP Tobler AG,Quellmattstrasse 79,5035,Unterentfelden,AG,Tobler,Philippe
Bonasso AG,Hinterbächlistrasse 1,5452,Oberrohrdorf,AG,Bonasso,Saverio
Keller Storen GmbH,Feldstrasse 17,5334,Böbikon,AG,Keller,Heinz
app-room GmbH,Schulstrasse 54,5436,Würenlos,AG,Essl,Cindy
Senbro GmbH,Steinemoos,5627,Besenbüren,AG,Senn-Fleischli,Rudolf
gustofrenzy GmbH,Lettenstrasse 29,8966,Oberwil-Lieli,AG,Freuler,Nadine
Backguet GmbH,Rainweg 1,4313,Möhlin,AG,Chautems,Jean-Claude
Consulting4Rail GmbH,Flossländeweg 35,4310,Rheinfelden,AG,Bötte,Sascha
web updates kmu GmbH,Morgenacherstrasse 20,5452,Oberrohrdorf,AG,Murawski,Stefan
OPTIBEST GmbH,Galgenrain 18,5080,Laufenburg,AG,Leppert,Arnold Richard
rm-projects GmbH,Haldenstrasse 478,5728,Gontenschwil,AG,Hunziker,Fabienne
Lutishi GmbH,Shopping Center 11,8957,Spreitenbach,AG,Lutishi,Ajri
Clean Air Tech GmbH,Kesselstrasse 11,8957,Spreitenbach,AG,Krasniqi,Xhavit
Webgeist GmbH,Feerstrasse 8,5200,Brugg,AG,Mosimann,Alfred
Fricktal Apartments GmbH,Kellerholzstrasse 4,4332,Stein,AG,De Lima Neto,Joao Ferreira
LKM Steiner GmbH,Rigiweg 19,5507,Mellingen,AG,Steiner,Marc Oliver
Dobmann Consulting GmbH,Höhenweg 12,5040,Schöftland,AG,Dobmann,Beat
MP Fenster GmbH,Franz-Josef-Dietschy-Weg 10,4310,Rheinfelden,AG,Labudovic,Sanella
symple gmbh,Im Halt 10,5412,Gebenstorf,AG,Stankovic,Miodrag
Klaus Leistritz Consulting GmbH,Rosengässli 2,5330,Bad Zurzach,AG,Leistritz,Klaus
Genossenschaft RTB Naturstrom,Hornimattstrasse 2,5103,Wildegg,AG,Plumlee,Eric
Verein Textilarbeit und Werken,Murackerstrasse 1,5600,Lenzburg,AG,Hanselmann,Claudia
"TeroLab Surface SAS, Villeneuve le Roi (France), succursale de Wohlen AG",Rigackerstrassse 16,5610,Wohlen,AG,Wasserman,Christopher
Amarna Treuhand GmbH,Grundholzweg 18,5082,Kaisten,AG,,
Ernst Buser AG Ormalingen,Zürcherstrasse 16,4332,Stein,AG,,
SUZANNE MICHEL Personalberatung,Gartenstrasse 21,9326,Horn,TG,Michel,Susanne
Fahrschule Özkan Ünsal,Wuhrstrasse 16,8580,Amriswil,TG,Ünsal,Özkan
Maptec Adrian Hosbak,Egnacherweg 11,8590,Romanshorn,TG,Hosbak,Adrian
Kirchmeier Thomas,Käsereistrasse 9,8566,Engelswilen,TG,Kirchmeier,Thomas
Fahrschule Fischer-Brunner,Gottfriedkellerstrasse 34,9320,Arbon,TG,Fischer,Nicole
BAB Dienstleistungen Barbara Schneeberger,Bühlwiesenstrasse 10A,8500,Frauenfeld,TG,Schneeberger,Kurt
Edi Ochsner eidg. dipl. Malermeister,Rychgass 3,8254,Basadingen,TG,Ochsner,Eduard
2 Rad Service Schmid,Felsenstrasse 11,8570,Weinfelden,TG,Schmid,Matthias
Munz Captain's Marine,Seestrasse 32,8598,Bottighofen,TG,Munz,Emil
HVM Immo AG,St. Gallerstrasse 115,9320,Arbon,TG,Mannhart,Marco Daniel
Commerz Concept AG,Haltnaustrasse 3,8597,Landschlacht,TG,Moldovan,Ana-Maria
amd Reinigungen AG,Mittlere Mühlestrasse 3,8598,Bottighofen,TG,Linder,Jeannette
FRAMeWORK 8.0 GmbH,Bahnhofstrasse 5,9326,Horn,TG,Kabitz,Sabrina
VSH Vorfabrikationen GmbH,Wilerstrasse 5,9545,Wängi,TG,Corbo,Nicola
meinMonteur.ch GmbH,Brühlstrasse 63,9320,Arbon,TG,Berisha,Bekim
Sabrina Mäder Photoart GmbH,Bruggweierstrasse 21,8360,Eschlikon,TG,Mäder,Johann
MechaniCon GmbH,Mittlere Gasse 1,8590,Romanshorn,TG,Avdovic,Sabahudin
Demarex GmbH,Bucherstrasse 2,9322,Egnach,TG,Demattia,Marco
Matern's Schreiner Montagen GmbH,Murgtalstrasse 6,9542,Münchwilen,TG,Matern,Kornel
Koseck audio GmbH,Talstrasse 9,8500,Frauenfeld,TG,Bernhard,Alexandra
ChrisMoeckli Trading GmbH,Hauptstrasse 11,8252,Schlatt,TG,Möckli,Christoph
Baugenossenschaft WIA Münchwilen,Weinfelderstrasse 6,9542,Münchwilen,TG,Wick,Bruno
Walo Bertschinger AG St. Gallen,Hungerbüelstrasse 23,8500,Frauenfeld,TG,,
"Welte Nützlinge GmbH, Reichenau, Zweiniederlassung Ermatingen",Hauptstrasse 148,8272,Ermatingen,TG,Kreis,Konrad
Il falegname Pujatti Valentino,Via C. Ghiringhelli 16a,6500,Bellinzona,TI,Pujatti,Valentino
Farmacia Caroni,Via al Giardino 6,6598,Tenero-Contra,TI,Caroni,Pietro
"BEZZOLA SANDRO, Ponteggi",Stradón 2,6653,Verscio,TI,Bezzola,Sandro
CM Services di Marco Colombo,Corso San Gottardo 73,6830,Chiasso,TI,Colombo,Marco
TruckOne-Swiss di Gianni Maspero,Viale Carlo Pereda 2,6828,Balerna,TI,Maspero,Gianni
Puerto Escondido di Bruno Zandonella,Via alle Brere 16,6598,Tenero,TI,Zandonella,Bruno
ECOLOGICA di Valsangiacomo Claudio,Via Stazione 2a,6828,Balerna,TI,Valsangiacomo,Claudio
Osteria del Tennis di Ferorelli Ivan,Via Campagna 4,6832,Seseglio,TI,Ferorelli,Ivan
MB-STORE di Bottani Michel,Via Brughiera 2,6598,Tenero-Contra,TI,Bottani,Michel
Della Sicurezza di Fabio Della Casa,Via Fontanone 2,6982,Agno,TI,Della Casa,Fabio
CRIO GRAPHIC di Cristina Orrù,Contrada di Sassello 5,6900,Lugano,TI,Orrù,Cristina
Passannante Michele,Via San Carlo 26,6932,Breganzona,TI,Passannante,Michele
Nina Fendel,Via Senago 12,6912,Pazzallo,TI,Fendel,Nina
AGCAL posa Tutto,Via G. Guisan 33,6900,Massagno,TI,Agcal,Hüseyin
D'Amico Traslochi,Via cantonale 8,6814,Lamone-Cadempino,TI,D'Amico,Marlon Morgan
Vetreria Solea di Borjan Stanic,Via Bramantino 14,6600,Locarno,TI,Stanic,Borjan
Prix Shock di van Themer e Co,Via Carbonera 15,6818,Melano,TI,Van Themer,Adelita Aylin
Marangoni & Gusmeroli,Via alla Madonna 23,6821,Rovio,TI,Gusmeroli,Luca
ST SWISSTECH SA,Via Peri 4,6900,Lugano,TI,Morello,Stefano
REAL ESTATE REINVESTI AG,Corso Elvezia 4,6900,Lugano,TI,Mameli,Luigi
ARCHLAB SA,Via Landriani 7,6901,Lugano,TI,Serri,Luca
T.C.M. SERVICE SA,Via Serafino Balestra 18,6901,Lugano,TI,Lambertini,Paolo
AD STUDIO GROUP SA,Via Pobbia 24,6514,Sementina,TI,Bock,Patrik Chris
Tessimo E Immobiliare SA,,6781,Bedretto,TI,Orelli,Emilio Marco
ACTIV FITNESS TICINO SA,Via Serrai 1,6592,Sant'Antonino,TI,Croce,Rosalia Maria
Broxinfa SA,Piazza Cioccaro 4,6900,Lugano,TI,Millenaar,Francisca
3B Contractor SA,Via Besso 57,6900,Lugano,TI,Ursino,Vincenzo
Springlet Consulting SA,Via Vegezzi 6,6900,Lugano,TI,Monti,Massimiliano
Avion Trade SA,Corso Pestalozzi 6,6900,Lugano,TI,Tinazzi,Enrico
DELTA LINE SA,Via Industria 16,6814,Lamone,TI,Borgini,Giovanni Antonio
Lugano Odonto Clinic SA,Via Clemente Maraini 13,6900,Lugano,TI,Viganò,Valter
GLOBALGEM SA,Via Vedreggio 24,6963,Pregassona,TI,Betz,Ernst Luca
CLIMATICA GROUP SA,Via Vegezzi 6,6900,Lugano,TI,Franzin,Roberto
SEP Immo SA,Via Industria 16,6814,Lamone,TI,Sassella,Manuel Edy Antonio
SICHURA Impianti SA,Via Penate 4,6850,Mendrisio,TI,Massa,Fabio
Antedo AG,Via Cà di Patrizi 36,6702,Claro,TI,Svaluto-Ferro,Walter
IG Edile SA,Via C. Maderno 8b,6825,Capolago,TI,Menaballi,Dario
IG Edile Futura SA,Via C. Maderno 8b,6825,Capolago,TI,Menaballi,Dario
GVS Consulting SA,Via F. Pelli 2,6900,Lugano,TI,Guzzetti,Daniela
GFA Immo SA,Via Industria 16,6814,Lamone,TI,Sassella,Manuel Edy Antonio
RAS Immo SA,Via Industria 16,6814,Lamone,TI,Sassella,Manuel Edy Antonio
SERALFA SA,Via Trevano 49,6904,Lugano,TI,Ballinari,Tiziano
Int-Tempo SA,Via della Pace 5,6600,Locarno,TI,Leonardi,Christian Bruno
DOMUS & MANI Sagl,Via al Pero 22f,6852,Genestrerio,TI,Grebenar,Ivica
COS.AL.MO SAGL,Corso San Gottardo 32,6830,Chiasso,TI,Zambelli,Tiziano
Ami Revi Sagl,Viale S. Franscini 1,6900,Lugano,TI,Boschetti,Alex
S.E.T. Servizi Editoriali Ticino Sagl,Via Pioda 9,6900,Lugano,TI,Tavecchio,Roberto
OMICRON Costruzioni Generali Sagl,Corso San Gottardo 73,6830,Chiasso,TI,Gherardi,Massimo
MEG Engineering Sagl,Strada di Arcoree 19,6805,Mezzovico,TI,Marcati,Ferdinando
Ticino Cars Sagl,Via San Gottardo 73,6830,Chiasso,TI,Ottavi,Pietro
GARGARIO SAGL,Via Bricola 6,6802,Rivera,TI,Serrante,Mario
Gacaferri Akorrd Sagl,Via Guisan 15,6900,Massagno,TI,Arxhend,Lokaj
RideUP.ch GmbH,Via Nizzola 1b,6500,Bellinzona,TI,Rivera,Patrizio
ADVISIA Sagl,Via Lavizzari 10,6850,Mendrisio,TI,Agazzi,Paola
U-Start Sagl,Via Cantonale 18,6928,Manno,TI,Guidotti,Stefano
NS Noleggio Svizzera Sagl,Piazza Indipendenza 1,6830,Chiasso,TI,La Pietra,Silvio
AS INTERNATIONAL DESIGN SAGL,Via Balestra 12,6900,Lugano,TI,Rufa,Marco
Haus Lab Sagl,Via Soave 2,6901,Lugano,TI,Del Pio,Luca
GK. ANGOLO DEL BENESSERE SAGL,Via San Bernarndo 26,6952,Canobbio,TI,Kraft,Gabriella Alda
Man Infinity Fashion Sagl,Via Dassone 4,6965,Cadro,TI,Hädener,Marcello
Pozzi & Vitali Sagl,Via Arbostra 2,6900,Pregassona,TI,Anaretti Pozzi,Serena
Freefox Architecture Studio Sagl,Via Pollini 16,6850,Mendrisio,TI,Burri,Reto Roman Marius
FIDIFIM SAGL,Via San Gottardo 72,6648,Minusio,TI,Robbiani,Sebastiano Mario
La Segretaria Volante Sagl,Via Alla Costa 1,6802,Rivera,TI,Scozzafava,Eugenio
PIXEL GRAPHIC SAGL,Via Molinazzo 54,6517,Arbedo,TI,Scirè Scappuzzo,Salvatore
NITEROI ENVITECH SAGL,Via Gaggiolo 59,6855,Stabio,TI,Ponti,Elia Davide Matteo
Pasinelli e Cassai Sagl,Via Corte 23,6963,Pregassona,TI,Cassai,Mirko
Dharmachakra Sagl,Via Passeggiata 22,6828,Balerna,TI,Faella,Simona
D R Style Sagl,Via alle Cave di Marmo 2,6864,Arzo,TI,Pagani,Rocco
Valcolor Impresa di Pittura Sagl,Via Zorzi 15,6500,Bellinzona,TI,Fontana,Claudio Giovanni
Elabora Sagl,Via S. Balestra 17,6901,Lugano,TI,Trisconi,Luca Gian Rocco
LACJ SAGL,Via Greina 3,6900,Lugano,TI,Bernasconi,Leonardo Adolfo
MON SOLEIL FONDAZIONE,Via Cantonale 19,6900,Lugano,TI,Anguissola D'Altoé,Consolata
ALTENBURGER LTD legal + tax,Piazza Rezzonico 6,6900,Lugano,TI,,
World Bridge Federation (WBF),Avenue de Rhodanie 60,1007,Lausanne,VD,Choy,Kwok Hung Patrick
Neuvoo Switzerland Sàrl,Chemin de la Faucille 29,1290,Chavannes-des-Bois,GE,Droux,Anaïs
"A VOTRE SERVICE.CH, Giovanni Fedele",Chemin des Essillaz 3,1041,Poliez-Pittet,VD,Aït Abdelkader,Terkia
"BA Consulting, Bruno Albietz",Route de Vallaire 5 A,1025,St-Sulpice,VD,Albietz,Bruno
"amdiag Diagnostic amiante, Marlise Brauchli Béguin",Chemin du Croset 16 A,1024,Ecublens,VD,Béguin,Jacques
Cake Mania d'isa de Isabelle Jouini,Chemin de la Corniche 24,1163,Etoy,VD,Balmer,Bernard
S.R.T.T. Jaques,Avenue d'Echallens 142,1004,Lausanne,VD,Jaques,Carole
CHLOE INVESTMENTS SA,Route d'Arzier 30 A,1264,St-Cergue,VD,Gomez de Orozco Gonzalez,Chloé
REDSEN Sàrl - succursale de Saint-Prex,Route de Buchillon 6 F,1162,St-Prex,VD,,
"Swiss Life, Agence générale de Morges-La Côte, Eric Filippi, Agent Général",Grand-Rue 102,1110,Morges,VD,Filippi,Eric
connectis SA,Route de Denges 28 e,1027,Lonay,VD,,
Swiss Conception SA,Route de l'Arsenal 7,1892,Lavey-Village,VD,Hou,You-Wen
Estrella selection Sàrl,Route de Corcelle 5,1433,Suchy,VD,Del Pedro,Renate
"Boulangerie Tea-room Aux Pierrots, Eric Deldon",Place de La St-Jacques 3,1163,Etoy,VD,Deldon,Eric
Vincent Gaillard - sport and community ventures,Route de Signy 10,1262,Eysins,VD,Gaillard,Sonia
Nexys SARL,Route du Stand 6,1260,Nyon,VD,Boissard,Johan
Café du Village - Christel et Benoît Del Fabbro,Chemin Ruisseau-Martin 9,1066,Epalinges,VD,Del Fabbro,Benoît
"Helvetic Living, Dietschi Olena",Avenue du Midi 4,1820,Montreux,VD,Chian,Natalia
"L'ATELIER-Création et Décor, Anne-Lise Monnier",Grand-Rue 50,1196,Gland,VD,Monnier,Anne-Lise
"Rita Oliveira, hiDENT Cabinet Dentaire",Rue de la Gare 1 A,1807,Blonay,VD,Oliveira,Rita
WYSS SUTER - Ecole de dance,Chemin des Roches 1,1009,Pully,VD,Wyss Suter,Florence
Antonin Ferla,Rue Davel 4,1096,Cully,VD,Ferla,Antonin
Frank Pajot Consulting,Rue de la Combe 11,1260,Nyon,VD,Viret,Annunziata
Fuino Informatique,Chemin des Primevères 2,1305,Penthalaz,VD,Fuino,Francesco
Midac Sàrl,Chemin de Palud 4,1053,Cugy,VD,Conitzer,David
"Atelier La Licorne, Yolande Huber",Route de Possens 12,1044,Fey,VD,Huber,Yolande
Accueiljob Bex Sàrl,Ruelle du Marché 1,1880,Bex,VD,Perraudin,André
Quva Sàrl,Avenue Reverdil 4,1260,Nyon,VD,Quidousse,Kathy
Claude Charrière Consulting,Chemin Crépon 56,1816,Chailly-Montreux,VD,Charrière,Claude
YellowSys Sàrl,Chemin de Sous-la-Ville 15,1272,Genolier,VD,Bruderer,Sylvain
Miele Peinture,Sur-la-Croix 40,1020,Renens,VD,Miele,Franco
Car's Services Sàrl,Chemin de Combes 4,1009,Pully,VD,Batista de Oliveira,Rubens
FARY Sàrl,Chemin des Bulets 2,1009,Pully,VD,Fauquex,Raymond
Fais Services Sàrl,Avenue de Longemalle 26,1020,Renens,VD,Fais,Francesca
VF Constructions Sàrl,Place de la Gare 4,1020,Renens,VD,Fernandez,Rodriguez Miguel
Jurassicoptic Sàrl,Rue Centrale 1,1450,Ste-Croix,VD,Janin,Dominique
Vintage Wine Bar Sàrl,Rue Langallerie 7,1003,Lausanne,VD,Magurano,Stefano
Elypse Partners SA,Rue du Grand-Chêne 6,1003,Lausanne,VD,Neeman,Aba
Pêcherie d'Ouchy Sàrl,Chemin des Pêcheurs 9,1007,Lausanne,VD,Guidoux,Serge
J.L Restauration & Management Sàrl,Route du Stand 7 B,1163,Etoy,VD,Lefevre,Jérôme
CVi Partners Sàrl,Avenue de Belmont 31,1820,Montreux,VD,Villemin,Christophe
Domaine des Platanes SA,Rue de Rive 24,1260,Nyon,VD,Valtuena,Georges
Café Restaurant du Chêne Sàrl,Rue du Lac 25 A,1020,Renens,VD,Gecer,Birsen
Bega Pro Sàrl,Chemin de la Morgette 4,1134,Chigny,VD,Bega,Kastriot
Beauman Jacques,Chemin de Chantemerle 11,1350,Orbe,VD,Beaumann,Jacques
Swiss Beauty Advance Sàrl,Grand-Rue 68,1820,Montreux,VD,Bezat,Lan
PVC Prestations Ventes Conseils SA,Chemin des Pins 5 A,1273,Arzier,VD,Raffin,Muriel
"Kiosque du Pont-des-Sauges, D'Ascanio Massimo",Avenue du Grey 58,1018,Lausanne,VD,D'Ascanio,Massimo
Imago Conseil - Lethier,Le Belvédère 3,1264,St-Cergue,VD,Lethier,Florence
Sole Hill Enterprises,Avenue Alexandre-Vinet 29,1004,Lausanne,VD,Hill,Sean
SOCIETE ROMANDE IMMOBILIERE SARL,Place Bel-Air 4,1260,Nyon,VD,Dehaynin,Thierry
Manuela Berger,Sentier des Borgognes 17,1815,Clarens,VD,Berger,Manuela
"NB Coaching&Training, Nathalie Baron",Impasse de la Chaumière 3,1175,Lavigny,VD,Baron,Nathalie
2m Conseils Sàrl,Chemin de la Ladière 5,1276,Gingins,VD,,
Art Déco Peinture Sàrl,Zone industrielle Le trési 6 a,1028,Préverenges,VD,Bruno,Teresa
2m Interactive Sàrl,Chemin de la Ladière 5,1276,Gingins,VD,,
BZP Sàrl,Rue de la Blancherie 13,1022,Chavannes-Renens,VD,Bizeul,Philippe
DELARIVE 2.0 SA,Avenue Général-Guisan 46 A,1009,Pully,VD,Delarive,Patrick
URAL PROM SA,Avenue du Tir-Fédéral 23,1024,Ecublens,VD,Marchand,Florian
Anna Wehren,Route de Châtel-Saint-Denis 54,1805,Jongny,VD,Wehren,Anna
opticode.ch Sàrl,Rue Neuve 6 A,1020,Renens,VD,Pilet,Julien
"J'Embarque-Tout, Piedade Da Mouca",Chemin du Banc-Vert 14,1110,Morges,VD,Piedade Da Mouca,João Marco
QI LIVING - T. Medina de Dudan,Chemin des Près-les-Bois 56,1006,Lausanne,VD,Medina de Dudan,Tania
"Café des Arènes, Chardonnens-Genova",Rue du Château 8,1580,Avenches,VD,Chardonnens,Carmelina
Lauraworld Sàrl,Vers-chez-les-Rod 17,1088,Ropraz,VD,Rod,Laura
Helen Ming Sàrl,Chemin de la Chaussiaz B 4,1040,Echallens,VD,Ming,Helen
"Winner Juili SA, succursale de Saint-Légier-La Chiésaz",Route des Deux-Villages 8,1806,St-Légier-Chiésaz,VD,,
ORIGINS SA,Rue des Tanneurs 2,1095,Lutry,VD,Amer,Adnane
Sébastien Dony Sàrl,Avenue des Alpes 3,1006,Lausanne,VD,Dony,Sébastien
Esthim SARL,Route de la Cézille 14,1272,Genolier,VD,Rattaz,Jacques
"Certex Sàrl, cabinet d'expertises et de conseils",Place de l'Europe 7,1003,Lausanne,VD,Jaquier,Jean-Luc
"Délicieux, Coelho Guerreiro",Escaliers du Grand-Pont 5,1003,Lausanne,VD,Coelho Guerreiro,Maurício José
UNI Sàrl,Route Aloys-Fauquez 93 A,1018,Lausanne,VD,Rraqi,Albert
Nay Montandon Sàrl,Chemin de la Fauvette 10 A,1012,Lausanne,VD,Montandon,Caroline
Global Logistique Sàrl,Chemin des Vergers 3,1162,St-Prex,VD,Rochat Lang,Yolande
Chem Aviation SA,Avenue des Uttins 3,1180,Rolle,VD,Currie,Andrew Christopher
"Paris Nettoyages, titulaire Holzer Nely",Les Grandes Vignes 7,1436,Chamblon,VD,Holzer,Nely
Round Point SA,Rue du Midi 4,1003,Lausanne,VD,Cheguettine,Alaoa
InstaConnect Sàrl,Rue de Félice 12,1400,Yverdon-les-Bains,VD,Chautems,Sylvain
RÉNOVAUD-BAT Sàrl,Chemin de la Cassinette 4,1018,Lausanne,VD,Akçul,Sami
"Alba Coiffure Hairstylist, titulaire Kastrati Albana",Route des Chaffeises 18,1092,Belmont-Lausanne,VD,Kastrati,Albana
Lakeleman Sàrl,Chemin du Lac 18,1588,Cudrefin,VD,Dumont,Jacques
IDP Medical Riviera Sàrl,Rue des Vaudrès 24,1815,Clarens,VD,Stevic,Ivana
"Le Lion d'Or, Kajinic Mira",Rue du Bourg 24,1147,Montricher,VD,Kajinic,Mira
Winemoun Sàrl,Rue de l'Industrie 10,1260,Nyon,VD,Ecolivet,Stéphane
M-Montage Sprinkler Sàrl,Route de Chavannes 121,1007,Lausanne,VD,Mazreku,Hatim
MAZREKU PEINTURE SA,Chemin de l'Ancien-Stand 20,1018,Lausanne,VD,Mazreku,Arben
"Restaurant am Riedberg, Fryand Marie France",Kantonsstrasse 14,3940,Steg,VS,Fryand,Marie France
Physiotherapie Zenklusen Roger,Gliserallee 10,3902,Glis,VS,Zenklusen,Roger
Tröimschtuba Stupf,Furkastrasse 13,3900,Brig,VS,Stupf,Ursula
Seiler Bergsport,Lingwurmstrasse 68,3900,Brig,VS,Seiler,Andreas
C.W. Carrarini Textilagentur,Staldenweg 6,3920,Zermatt,VS,Weder Carrarini,Caroline Antoinette
Leukersonne Jörg Seewer AG,Sportplatzstrasse 13,3952,Susten,VS,Seewer,Jörg
Leukersonne Damian Seewer AG,Sportplatzstrasse 17,3952,Susten,VS,Seewer,Damian
Alpine Trails GmbH,Napoleonstrasse 16 a,3930,Visp,VS,Bütler,Martin
Qinos GmbH,Grundbielstrasse 11,3902,Glis,VS,Högger Zeilmann,Daniela
Gehrig Steuerberatung GmbH,Bahnhofstrasse 10,3930,Visp,VS,Gehrig,Stephan Martin
Jo Bauleitungen GmbH,Gliserallee 97,3902,Glis,VS,Nellen,Erika
Verein nouvelles oberwallis,Hengart 11,3902,Glis,VS,Locher,Samira
"Karting Team Saeba, Quinteiro Buccarella",Rue des Meillerettes 7,1920,Martigny,VS,Quinteiro Buccarella,Pablo
Hélène Mey,Grand-Rue 30,1890,St-Maurice,VS,Mey,Hélène
"J.F. Paysage, Joé Favre-Bulle",Avenue de l'Industrie 48,1870,Monthey,VS,Favre-Bulle,Joé
"Danibelle, De Jesus Costa",Avenue de la Gare 38,1920,Martigny,VS,De Jesus Costa,Florbela
Iwashmybike SA,Avenue de la Gare 8,1870,Monthey,VS,Aschiero,Patrik
Cabinet de Pédiatrie de Saillon SA,Route de Saxon 8,1913,Saillon,VS,Wallach,Marjorie Estelle
Vitiservicebois SA,Rue du Simplon 4,1920,Martigny,VS,Prélaz,Jean-François
Les Cinq Sens Sàrl,Route du Tonkin 2,1870,Monthey,VS,Journé,Patrice Louis
MECAREP Sàrl,Route des Neyres 9,1872,Troistorrents,VS,Berthoud,Philippe
SEFASAL Sàrl,Rue du Bourg 19,1920,Martigny,VS,Alves Dos Santos Loio,Fabia
Gestion-Paysages Sàrl,Chemin des Chintres 13,1868,Collombey-le-Grand,VS,Buchs,Jean
Datis Sàrl,Sous-Vanel 6,1896,Vouvry,VS,Amini,Amin
MaPa Conseils Sàrl,Avenue du Crochetan 12,1870,Monthey,VS,,
DS World Sàrl,Avenue de la Gare 45,1920,Martigny,VS,Bonvin,Frédéric
JOHAN VERNAILLEN,Chemin de Beausoleil 17 b 22,1993,Veysonnaz,VS,Michielsen,Brigitte
Cosimo GRECO,Avenue Général Guisan 19,3960,Sierre,VS,Greco,Cosimo
L'Ptit Valaisan Pommaz Olivier,Route des Mocatés 8,1971,Champlan,VS,Pommaz,Olivier
"Du sol au plafond, Gumercindo Duarte Simões",Route de Charamolâ 13,3971,Chermignon,VS,Simões,Ilda
"Swiss Trade Worker, Pont Vincent",CP 66,3967,Vercorin,VS,Pont,Vincent
"Alexandre Evéquoz, AE Design",Avenue de la Gare 3,1950,Sion,VS,Evéquoz,Alexandre
"Casablanca, Heimann",Avenue Maurice-Troillet 126,1950,Sion,VS,Heimann,Anita
INFORTEK - FERREIRA MARTINS & MOUTINHO DE OLIVEIRA,Rue des Fournaises 49,1950,Sion,VS,Ferreira Martins,João Miguel
Valais Properties & Investment SA,Place du Midi 30,1950,Sion,VS,Landelle,Philippe
Apcor SA,Chemin des Mayens de Saclentse,1997,Haute-Nendaz,VS,Tinguely,Jean-Marie
D+D General Contractor Sàrl,Route de Sierre-Montana 12,3975,Randogne,VS,D'Agostino,Davide
Algo Sierre Sàrl,Rue du Stand 1,3960,Sierre,VS,Kadriji,Ali
TerrainConcept Sàrl,Route de Prafirmin 25,1965,Savièse,VS,Ferreira da Fonseca,Vítor Bruno
GT-Conseils et Participations Sàrl,Rue Centrale 16,1964,Conthey,VS,Gattlen,Thierry Olivier Alec
Disière et Dubler Sàrl,Avenue de Derborence 35,1963,Vétroz,VS,Disière,Jean Charles
Café de Lausanne Sàrl,Rue de Lausanne 21,1950,Sion,VS,Bote,Rolf Peter
Camila Promotion Sàrl,Chemin des Golettes 24,1965,Ormône/Savièse,VS,Valette,Hervé
Michel TAMINI ASSURANCES Sàrl,Rue du Chemin de Fer 52,1958,St-Léonard,VS,Tamini,Michel
A.J.F.M. Sàrl,Avenue de Tourbillon 100,1950,Sion,VS,Derivaz Emery,Francine
EDC Concept Sàrl,Chemin de la Plâtrière 3,1981,Vex,VS,Ertl,Christian Olivier
Coopérative Le Peuple.VS,Rue de Conthey 2,1950,Sion Nord,VS,Besse,Laetitia
Association Fargo Pictures,Avenue des Vergers 10,1963,Vétroz,VS,Pannatier,Corentin
"Patrimoine Gérance SA, succursale du Valais",Route d'Antzère 33,1964,Conthey,VS,,
Mastaone - Jornod,Avenue de la Gare 15,2000,Neuchâtel,NE,Jornod,Philippe
Alpride SA,Rue du Seyon 9,2000,Neuchâtel,NE,Schär,Marc-Antoine
"Le Banneret, Fragnière",Rue Fleury 1,2000,Neuchâtel,NE,Fragnière,Ludovic
Atelier d'Horlogerie Marie-Thérèse Camélique,Rue Adolphe-Ribaux 10,2022,Bevaix,NE,Camélique,Marie-Thérèse
Sourire Sàrl,Rue de la Serre 55,2300,La Chaux-de-Fonds,NE,Matile,Maria Rita
"Houriet & Ansermet - Kiosque du Centre, Chez DomiNic",Rue du Centre 3,2525,Le Landeron,NE,Ansermet,Nicole
RAMA Nettoyage,Rue du Locle 20,2300,La Chaux-de-Fonds,NE,Rama,Anabel
MED TRANSPORT - Zahzouh,Rue Fritz-Courvoisier 46,2300,La Chaux-de-Fonds,NE,Zahzouh,Djamal
FiduRes Sàrl,Rue du Château 10,2000,Neuchâtel,NE,Brügger,Christophe
Mod-ee Mokou,Rue Numa-Droz 99,2300,La Chaux-de-Fonds,NE,Mokou,Yogie
tamo-cronojardin,Bas de la Route 3,2115,Buttes,NE,Tamò,Manuel Shanti
"Garage Carbon, Mesinovic",Chemin des Tailles 3,2016,Cortaillod,NE,Mesinovic,Jasmin
Ramon Garcia San Juan - Entreprise du bâtiment,Rue des Billodes 14a,2400,Le Locle,NE,Garcia,San Juan Ramon
SBEX SA,Rue des Flamands 3,2525,Le Landeron,NE,Heem,Frédéric Dominique Patrick
APGI Consulting Sàrl,Chemin du Gibet 5,2523,Lignières,NE,Parrat,Alexandre André Marc
FYJIS SA,Rue des Tertres 12,2074,Marin-Epagnier,NE,Wolf,Yvan
DESIGNERES DISTRICT - Brodard & Koffi-Melcon,Rue de Fin-de-Praz 22,2024,St-Aubin-Sauges,NE,Brodard,Mélanie
Tavares de Almeida & Cie,Chemin des Prises 2,2108,Couvet,NE,Gonçalves Rodrigues Anileiro,José Manuel
jief tec Frédéric Junod,Rue de Zurich 35,1201,Genève,GE,Junod,Frédéric
"Unifeeder A/S, Aarhus (DK), succursale Suisse, Pregny-Chambésy",Chemin de la Fontaine 22A,1292,Chambésy,GE,Hopwood,Allen Mark Christian
OXYMORE SOCIETE COOPERATIVE POUR LA CREATION DE COOPERATIVES DE LOGEMENT,Rue de Veyrier 19,1227,Carouge,GE,Humberset,Yanick
BR Corporation Sàrl,Rue de Chantepoulet 8,1201,Genève,GE,,
Régie Favre SA,Route des Acacias 54bis,1227,Carouge,GE,Held,Thomas
Body Impulse Sàrl,Avenue de Gennecy 37,1237,Avully,GE,Arsich,François Boris
Pommier & Co,Route de Florissant 62,1206,Genève,GE,Maggini,Stefano
SODPA Sàrl,Rue Léon-Nicole 4,1201,Genève,GE,Seuret,Patrick
Non Sequitur Gastronomy Sàrl,Chemin des Poteaux 12,1213,Petit-Lancy,GE,Andersen,Morgan Richard
Le Coeur Gourmand - Silvia Schibli Saputra,Chemin de Maronsy 50,1228,Plan-les-Ouates,GE,Schibli Saputra,Silvia
MDnet Sàrl,Avenue Tronchet 34,1226,Thônex,GE,Chiavenuto-Schluraff,Mikael Pierre Elvio
R-SKA Holding SA,Avenue de Châtelaine 70,1219,Châtelaine,GE,Komarski,Eric
V. Vazzoler Hamlaoui-Berberat - Garde et Soins 5 Etoiles,Chemin Franconis 24,1290,Versoix,GE,Vazzoler,Hamlaoui-Berberat Véréna
Assystem Talent International Management SA,Rue du Nant 8,1207,Genève,GE,Coat,Roger
Julliard Julie La Fiancée du Crocodile,Rue du Trente-et-Un-Décembre 1,1207,Genève,GE,Julliard,Julie
MGD Distribution SA,Rue des Eaux-Vives 102,1207,Genève,GE,Feuardent,Fabien
3SysTem SARL,Rue Vallin 2,1201,Genève,GE,Pedretti Youn,Tatiana
BABY BOA SA,Rue du Cendrier 22,1201,Genève,GE,Mugny,Yannick
Clean Ecolo & Jardinage Sàrl,Rue du Pré-Bouvier 8-10,1217,Meyrin,GE,Bräuninger,Denis
Abid Pupal,Rue de la Colline 12,1205,Genève,GE,Pupal,Abid
ADEG Sàrl,Rue du Pré-de-la-Fontaine 10,1217,Meyrin,GE,Rashiti,Agron
Raphaël Soubeiran,Avenue de France 29,1202,Genève,GE,Soubeiran,Raphaël
ALVES MEDEIROS CONSTANTINO EDUARDO JARDINIER-PAYSAGISTE,Chemin des Vuattes 6,1228,Plan-les-Ouates,GE,Alves Medeiros,Constantino Eduardo
FACTUM CONSULTING Sàrl,Rue de Lyon 75,1203,Genève,GE,Baroz,Michel Joseph Emile
"Mehdi Fajr, Bougie",Rue des Vernes 8,1217,Meyrin,GE,Fajr,Mehdi
LALIEU,Rue de Genève 73,1225,Chêne-Bourg,GE,Lalieu,Charles L.A.
Ganeshamoorthy Rajnimal,Rue des Voisins 2,1205,Genève,GE,Ganeshamoorthy,Rajnimal
DMF Rénovation Sàrl,Place des Grottes 1,1201,Genève,GE,Buhler,André Daniel
Skylark Solutions Sàrl,Rue de l'Arquebuse 22,1204,Genève,GE,Briand,Pierre Olivier
SO FRESCH SA,Place du Rondeau 7,1227,Carouge,GE,Katona,Mihaly
Mon Jardinier Sàrl,Route de Bossey 20,1256,Troinex,GE,Fosserat,Sylvain
"ZJM Consulting, Z. Jullien",Rue du Conseil-Général 6,1205,Genève,GE,Jullien,Zvezdana
DIAMHEART - TANGUY,Rue des Eaux-Vives 55,1207,Genève,GE,Tanguy,Béatrice
UPT SA,Avenue de Champel 8 c,1206,Genève,GE,Régis,Martin
VOISINS SA,Avenue de Frontenex 6,1207,Genève,GE,Rochat,David Dejan Sébastien
"Multani, C.M. travel & Services",Rue de Moillebeau 3A,1209,Genève,GE,Multani,Mandeep
MISITI DOMENICO,Route de Frontenex 60b,1207,Genève,GE,Misiti,Domenico
Carrosserie de Vernier - Fernandez Ramos et Couso Barros,Route de Peney 48,1214,Vernier,GE,Couso,Barros Miguel
"Les vins d'Anne-Marie, Jade Bussat",Route de Sous-Moulin 43,1226,Thônex,GE,Bussat,Jade
HUTAC Sàrl,Avenue des Grandes-Communes 8,1213,Petit-Lancy,GE,Zovko,Branko
Denise's ART OF BURGER Sàrl,Chemin de Châteauvieux 16,1242,Satigny,GE,Chevrier,Dominique
"MAGNIN & SARR, 'LE GRUYERIEN' Plainpalais-Genève",Boulevard de Saint-Georges 65,1205,Genève,GE,Magnin,Georges
2i Partners Sàrl,Rue Adrien-Lachenal 20,1207,Genève,GE,Boccard,Christian
Ô CALME SARL,Rue Ancienne 36,1227,Carouge,GE,Dowling,Christian
CORAXA SA,Rue Ferdinand-Hodler 23,1207,Genève,GE,Erbek,Seref Dogan
Gruffaz Management Consulting,Cours de Rive 2,1204,Genève,GE,Gruffaz,Fabrice
GLOBALE ASSURANCE Sàrl,Rue Rousseau 15,1201,Genève,GE,Fernandes,Borges Michel Platini
"Aorta Médical (Suisse) Gmbh, succursale",Chemin de Delay 7,1214,Vernier,GE,Geistlich,Stéphane
"Sposato Livio, courtier en assurance",Chemin des Palettes 17,1212,Grand-Lancy,GE,Sposato,Livio
Araujo Silva Services,Chemin de Grange-Canal 24B,1224,Chêne-Bougeries,GE,Araujo Silva,Leandro Paulo
"ICOBUMA, Arkoub Thomas",Chemin des Petit-Bois 40,1228,Plan-les-Ouates,GE,Arkoub,Thomas
in utero - Emmanuel Althaus,Rue du Général-Dufour 16,1204,Genève,GE,Althaus,Emmanuel
The Welcomist Sàrl,Avenue Cardinal-Mermillod 36,1227,Carouge,GE,Barmettler,Laurane
"FLASH NET, Malik",Chemin Nicolas-Bogueret 36,1219,Aïre,GE,Malik,Asma
VALESER SA,Rue François-Bellot 16,1206,Genève,GE,Iglehart,John H.
A. Garcia Sàrl,Chemin J.-Ph.-De-Sauvage 37,1219,Châtelaine,GE,Garcia,Alain
Cabinet médical Dr Mihaela Constantinescu Sàrl,Rue des Jardins 12,1205,Genève,GE,Constantinescu,Mihaela
Reflet des Bulles Sàrl,Route des Jeunes 9,1227,Les Acacias,GE,Buffet,Stanislas Frédéric
FR SUISSE SA,Route d'Hermance 383,1247,Anières,GE,Griva,Roberta
New Biba Sàrl,Chemin Moïse-Duboule 47,1209,Genève,GE,Biba,Besiana
Belaieff Concept,Chemin Jacques-Ormond 10,1256,Troinex,GE,Belaieff,Sydney
"Florian entreprise générale, titulaire G. Ibrahimi",Route des Fayards 268,1290,Versoix,GE,Ibrahimi,Gazmend
Hugo Fund Services SA,Cours de Rive 6,1204,Genève,GE,Steffen,Philippe Gilbert
Kasten Consulting,Rue Crespin 16,1206,Genève,GE,Kasten,Christian
ICONEEK by CHICHA,Place Longemalle 19,1204,Genève,GE,Chicha,Vanessa
JOAILLERIE TRADITION SA,Rue du Rhône 118,1204,Genève,GE,Rolin-Giron,Philippe
BEL Dominique - Restaurant du Club Nautique de Versoix,Chemin des Graviers 35,1290,Versoix,GE,Bel,Dominique
IN & FI Archi-Swiss SA,Route de Malagnou 51,1208,Genève,GE,Herrmann,Nicolas
HPerformance Sàrl,Chemin Pontverre 10 A,1232,Confignon,GE,Guerig Haas,Régine Monique
Domiszewski Entertainment,Route de Frontenex 70,1207,Genève,GE,Ravonel,Monica
"Küttel John, Swiss Cleaning Service",Rue Caroline 45,1227,Carouge,GE,Küttel,John
R.A.R. Révision & Audit de Rive Sàrl,Cours de Rive 11,1204,Genève,GE,Leubaz,Henriette Irène
OPM SARL,Route de Pré-Bois 20,1216,Cointrin,GE,Margossian,Albert Jonathan
Direct Transfers Sàrl,Rue du 31-Décembre 29,1207,Genève,GE,Dos Santos Coutinho,Eduardo
OUTEIRO CASAL FRANCISCO,Avenue du Curé-Baud 49-51,1212,Grand-Lancy,GE,Outeiro Casal,Francisco
Swiss Design Publicité Sàrl,Rue du Bois-du-Lan 8,1217,Meyrin,GE,Rkibi,Wassim
"VICENTE NETTOYAGES, Titulaire Marques Vicente",Avenue François-Besson 5,1217,Meyrin,GE,Marques,Vicente Miguel
Thèma-Passion Les Bougies Sàrl,Avenue de la Praille 50,1227,Carouge,GE,Cappellano,Loretta
Carthagène Sàrl,Chemin de Machefer 29,1290,Versoix,GE,Abbé,Joseph Patrick
"Kiosque des Charmilles, POPAL",Rue des Charmilles 22,1203,Genève,GE,Popal,Mohammed Naim
RASHIDI,Avenue du Mail 1,1205,Genève,GE,Rashidi,Mohammad Walid
"Swiss Boulevard AG, succursale de Collonge-Bellerive",Route de Thonon 69,1222,Vésenaz,GE,,
"GDTM S.A., Belize City, succursale de Meyrin",Route du Mandement 15,1217,Meyrin,GE,Gonzalez,Sanchez Diego
JP Docourt,Route Principale 29,2933,Lugnez,JU,Docourt,Jean-Pierre Yves
"Ô soins, Gaudreau Juliane",Faubourg Saint-Germain 2,2900,Porrentruy,JU,Gaudreau,Juliane
Hanser Yves,Chemin de la Charreratte 23,2800,Delémont,JU,Hanser,Yves André
"Mi Ru Ko Atelier, Dal Zotto",La Schliff 12,2900,Porrentruy,JU,Dal Zotto,Mirco Fabrice
Distillerie Schneider,Rue du Château 22,2952,Cornol,JU,Schneider,Frédéric
OkidoKidz Marie Roueche,Impasse des Chênes 7,2824,Vicques,JU,Roueche,Marie Françoise
HELVETICA TECHNOLOGIES SA,Rue de l'Avenir 23,2800,Delémont,JU,Pibouleau,Dominique
Fromagerie Kälin SA,Rue du Doubs 5,2340,Le Noirmont,JU,Kälin,Christian
FAZUP Holding SA,Rue St-Randoald 34,2800,Delémont,JU,Samakh,Antoine Elie
Smoke Quality Sàrl,Place de la Gare 45,2900,Porrentruy,JU,Benoit,David
Ventigo Sàrl,Rue des Pervenches 46,2800,Delémont,JU,Marques Rafael,Hugo Alexandre
Muros Sàrl,Rue des Fléoles 1,2800,Delémont,JU,Rufi,Martial Paul Noël
INESTEBAN Sàrl,Rue du Temple 4,2900,Porrentruy,JU,Poisson,Julien Claude Alain
MCE Marti Sàrl,Rue St-Randoald 34,2800,Delémont,JU,,
